page_number,url,http_status_code,page_title,html_filename,txt_filename,html_size_bytes,word_count,timestamp,status
1,https://news.fnal.gov/,200,Newsroom,0001_news.fnal.gov.html,0001_news.fnal.gov.txt,132306,1458,2026-06-10 13:25:04,SUCCESS
2,https://education.fnal.gov/,200,Fermilab Education and Public Engagement,0002_education.fnal.gov.html,0002_education.fnal.gov.txt,88419,716,2026-06-10 13:25:06,SUCCESS
3,https://education.fnal.gov/about/,200,About – Fermilab Education and Public Engagement,0003_education.fnal.gov_about.html,0003_education.fnal.gov_about.txt,70380,688,2026-06-10 13:25:08,SUCCESS
4,https://education.fnal.gov/program/stem-outreach/,200,STEM outreach – Fermilab Education and Public Engagement,0004_education.fnal.gov_program_stem-outreach.html,0004_education.fnal.gov_program_stem-outreach.txt,83068,814,2026-06-10 13:25:10,SUCCESS
5,https://www.fnal.gov/pub/about/index.html,403,,,,0,0,2026-06-10 13:25:13,FAILED
6,https://news.fnal.gov/tag/ai/,200,AI Archives - News,0006_news.fnal.gov_tag_ai.html,0006_news.fnal.gov_tag_ai.txt,97313,914,2026-06-10 13:25:14,SUCCESS
7,https://www.fnal.gov/pub/community/hours.html,403,,,,0,0,2026-06-10 13:25:16,FAILED
8,https://news.fnal.gov/2026/05/fermilab-leads-multi-lab-ai-initiative-to-accelerate-design-of-chips-used-in-extreme-environments/,200,Fermilab leads multi-lab AI initiative to accelerate design of chips used in extreme environments,0008_news.fnal.gov_2026_05_fermilab-leads-multi-lab-ai-initi.html,0008_news.fnal.gov_2026_05_fermilab-leads-multi-lab-ai-initi.txt,92697,1440,2026-06-10 13:25:18,SUCCESS
9,https://news.fnal.gov/2026/04/fermilab-celebrates-2026-quantum-science-program-graduates/,200,Fermilab celebrates 2026 quantum science program graduates,0009_news.fnal.gov_2026_04_fermilab-celebrates-2026-quantum-.html,0009_news.fnal.gov_2026_04_fermilab-celebrates-2026-quantum-.txt,90408,1292,2026-06-10 13:25:20,SUCCESS
10,https://education.fnal.gov/lederman-science-center/,200,Lederman Science Center – Fermilab Education and Public Engagement,0010_education.fnal.gov_lederman-science-center.html,0010_education.fnal.gov_lederman-science-center.txt,85040,610,2026-06-10 13:25:22,SUCCESS
11,https://news.fnal.gov/2026/04/fermilab-completes-its-part-in-upgrading-worlds-most-powerful-x-ray-laser/,200,Fermilab completes its part in upgrading world’s most powerful X-ray laser,0011_news.fnal.gov_2026_04_fermilab-completes-its-part-in-up.html,0011_news.fnal.gov_2026_04_fermilab-completes-its-part-in-up.txt,101496,2244,2026-06-10 13:25:25,SUCCESS
12,https://news.fnal.gov/category/newsroom/press-release/,200,Press releases Archives - News,0012_news.fnal.gov_category_newsroom_press-release.html,0012_news.fnal.gov_category_newsroom_press-release.txt,96855,984,2026-06-10 13:25:27,SUCCESS
13,https://news.fnal.gov/2026/05/dune-will-use-liquid-argon-time-projection-chamber-technology-both-near-and-far/,200,DUNE will use liquid-argon time projection chamber technology both near and far,0013_news.fnal.gov_2026_05_dune-will-use-liquid-argon-time-p.html,0013_news.fnal.gov_2026_05_dune-will-use-liquid-argon-time-p.txt,97434,1829,2026-06-10 13:25:30,SUCCESS
14,https://news.fnal.gov/2026/04/new-electronically-tunable-quantum-detector-speeds-up-search-for-dark-matter/,200,New electronically tunable quantum detector speeds up search for dark matter,0014_news.fnal.gov_2026_04_new-electronically-tunable-quantu.html,0014_news.fnal.gov_2026_04_new-electronically-tunable-quantu.txt,94438,1613,2026-06-10 13:25:32,SUCCESS
15,https://www.fnal.gov/pub/science/particle-detectors-computing/index.html,403,,,,0,0,2026-06-10 13:25:34,FAILED
16,https://www.fnal.gov/pub/resources/industrial-partnerships/index.html,403,,,,0,0,2026-06-10 13:25:36,FAILED
17,https://www.fnal.gov/pub/community/index.html,403,,,,0,0,2026-06-10 13:25:37,FAILED
18,https://www.fnal.gov/pub/visiting,403,,,,0,0,2026-06-10 13:25:39,FAILED
19,https://news.fnal.gov/2026/03/a-chilling-new-search-for-dark-matter-will-soon-be-underway/,200,A chilling new search for dark matter will soon be underway,0019_news.fnal.gov_2026_03_a-chilling-new-search-for-dark-ma.html,0019_news.fnal.gov_2026_03_a-chilling-new-search-for-dark-ma.txt,99315,2223,2026-06-10 13:25:41,SUCCESS
20,https://news.fnal.gov/category/in-the-news,200,In the news Archives - News,0020_news.fnal.gov_category_in-the-news.html,0020_news.fnal.gov_category_in-the-news.txt,82816,796,2026-06-10 13:25:43,SUCCESS
21,https://news.fnal.gov/search,200,Search for hidden chambers using cosmic-ray muons – Public lecture by Mark Adams,0021_news.fnal.gov_search.html,0021_news.fnal.gov_search.txt,69441,324,2026-06-10 13:25:45,SUCCESS
22,https://news.fnal.gov/tag/dune/,200,DUNE Archives - News,0022_news.fnal.gov_tag_dune.html,0022_news.fnal.gov_tag_dune.txt,94046,985,2026-06-10 13:25:47,SUCCESS
23,https://news.fnal.gov/2026/04/largest-neutrino-experiment-in-the-us-wins-project-of-the-year-award/,200,Largest neutrino experiment in the US wins Project of the Year Award,0023_news.fnal.gov_2026_04_largest-neutrino-experiment-in-th.html,0023_news.fnal.gov_2026_04_largest-neutrino-experiment-in-th.txt,91769,1345,2026-06-10 13:25:49,SUCCESS
24,https://news.fnal.gov/category/ext/in-the-news,200,In the news Archives - News,0024_news.fnal.gov_category_ext_in-the-news.html,0024_news.fnal.gov_category_ext_in-the-news.txt,82988,796,2026-06-10 13:25:51,SUCCESS
25,https://news.fnal.gov/newsroom/contact/,200,Contact us,0025_news.fnal.gov_newsroom_contact.html,0025_news.fnal.gov_newsroom_contact.txt,72526,406,2026-06-10 13:25:54,SUCCESS
26,https://news.fnal.gov/tag/quantum/,200,quantum Archives - News,0026_news.fnal.gov_tag_quantum.html,0026_news.fnal.gov_tag_quantum.txt,89642,850,2026-06-10 13:25:56,SUCCESS
27,https://www.fnal.gov/pub/disclaim.html,403,,,,0,0,2026-06-10 13:25:58,FAILED
28,https://www.fnal.gov/pub/science/index.html,403,,,,0,0,2026-06-10 13:25:59,FAILED
29,https://news.fnal.gov/2026/05/fermilab-marks-major-milestone-for-world-leading-dune-experiment/,200,Fermilab marks major milestone for world-leading DUNE experiment,0029_news.fnal.gov_2026_05_fermilab-marks-major-milestone-fo.html,0029_news.fnal.gov_2026_05_fermilab-marks-major-milestone-fo.txt,95393,1689,2026-06-10 13:26:01,SUCCESS
30,https://news.fnal.gov/2026/05/anna-grassellino-appointed-to-doe-office-of-science-advisory-committee/,200,Anna Grassellino appointed to DOE Office of Science Advisory Committee,0030_news.fnal.gov_2026_05_anna-grassellino-appointed-to-doe.html,0030_news.fnal.gov_2026_05_anna-grassellino-appointed-to-doe.txt,87436,990,2026-06-10 13:26:03,SUCCESS
31,https://news.fnal.gov/newsroom/subscribe-to-fermilab-frontiers,200,Subscribe to Fermilab Frontiers,0031_news.fnal.gov_newsroom_subscribe-to-fermilab-frontiers.html,0031_news.fnal.gov_newsroom_subscribe-to-fermilab-frontiers.txt,72660,337,2026-06-10 13:26:05,SUCCESS
32,https://www.fnal.gov/pub/resources/index.html,403,,,,0,0,2026-06-10 13:26:07,FAILED
33,https://news.fnal.gov/2026/05/using-ai-fermilab-researcher-probes-how-transistors-behave-in-extreme-cold/,200,"Using AI, Fermilab researcher probes how transistors behave in extreme cold",0033_news.fnal.gov_2026_05_using-ai-fermilab-researcher-prob.html,0033_news.fnal.gov_2026_05_using-ai-fermilab-researcher-prob.txt,94478,1898,2026-06-10 13:26:09,SUCCESS
34,https://news.fnal.gov/newsroom/news/,200,News and features,0034_news.fnal.gov_newsroom_news.html,0034_news.fnal.gov_newsroom_news.txt,100268,992,2026-06-10 13:26:11,SUCCESS
35,https://news.fnal.gov/2026/06/fermilab-and-harmoniqs-integrate-open-source-tools-to-advance-qubit-control-optimization/,200,Fermilab and Harmoniqs integrate open-source tools to advance qubit control optimization,0035_news.fnal.gov_2026_06_fermilab-and-harmoniqs-integrate-.html,0035_news.fnal.gov_2026_06_fermilab-and-harmoniqs-integrate-.txt,93790,1316,2026-06-10 13:26:12,SUCCESS
36,https://www.fnal.gov/pub/science/particle-physics-101/index.html,403,,,,0,0,2026-06-10 13:26:14,FAILED
37,https://www.fnal.gov/staff-directory,403,,,,0,0,2026-06-10 13:26:16,FAILED
38,https://news.fnal.gov/news,200,News and features,0038_news.fnal.gov_news.html,0038_news.fnal.gov_news.txt,100268,992,2026-06-10 13:26:17,SUCCESS
39,https://www.fnal.gov/,403,,,,0,0,2026-06-10 13:26:20,FAILED
40,https://news.fnal.gov/2026/05/mark-ross-lonergan-elected-co-spokesperson-for-microboone-collaboration/,200,Mark Ross‑Lonergan elected co-spokesperson for MicroBooNE collaboration,0040_news.fnal.gov_2026_05_mark-ross-lonergan-elected-co-spo.html,0040_news.fnal.gov_2026_05_mark-ross-lonergan-elected-co-spo.txt,89290,1256,2026-06-10 13:26:21,SUCCESS
41,https://news.fnal.gov/2026/03/fermilab-drives-progress-for-national-ai-genesis-mission/,200,Fermilab drives progress for national AI Genesis Mission,0041_news.fnal.gov_2026_03_fermilab-drives-progress-for-nati.html,0041_news.fnal.gov_2026_03_fermilab-drives-progress-for-nati.txt,96251,1494,2026-06-10 13:26:23,SUCCESS
42,https://news.fnal.gov/tag/qick/,200,QICK Archives - News,0042_news.fnal.gov_tag_qick.html,0042_news.fnal.gov_tag_qick.txt,89925,831,2026-06-10 13:26:25,SUCCESS
43,https://www.fnal.gov/pub/science/particle-accelerators/index.html,403,,,,0,0,2026-06-10 13:26:27,FAILED
44,https://news.fnal.gov/tag/partnership/,200,partnership Archives - News,0044_news.fnal.gov_tag_partnership.html,0044_news.fnal.gov_tag_partnership.txt,91786,836,2026-06-10 13:26:29,SUCCESS
45,https://news.fnal.gov/2026/04/fermilab-teams-up-with-niu-to-launch-quantum-science-program/,200,Fermilab teams up with NIU to launch quantum science program,0045_news.fnal.gov_2026_04_fermilab-teams-up-with-niu-to-lau.html,0045_news.fnal.gov_2026_04_fermilab-teams-up-with-niu-to-lau.txt,91166,1285,2026-06-10 13:26:31,SUCCESS
46,https://news.fnal.gov/newsroom/social-media/,200,Social media,0046_news.fnal.gov_newsroom_social-media.html,0046_news.fnal.gov_newsroom_social-media.txt,80885,587,2026-06-10 13:26:33,SUCCESS
47,https://news.fnal.gov/fact-sheets/,200,Fact sheets,0047_news.fnal.gov_fact-sheets.html,0047_news.fnal.gov_fact-sheets.txt,106848,602,2026-06-10 13:26:35,SUCCESS
48,https://news.fnal.gov/category/newsroom/fermilab-feature/,200,Fermilab features Archives - News,0048_news.fnal.gov_category_newsroom_fermilab-feature.html,0048_news.fnal.gov_category_newsroom_fermilab-feature.txt,96608,909,2026-06-10 13:26:37,SUCCESS
49,https://www.fnal.gov/faw/fermilab_at_work.html,403,,,,0,0,2026-06-10 13:26:39,FAILED
50,https://news.fnal.gov/newsroom/fact-sheets/,200,Fact sheets,0050_news.fnal.gov_newsroom_fact-sheets.html,0050_news.fnal.gov_newsroom_fact-sheets.txt,106848,602,2026-06-10 13:26:40,SUCCESS
51,https://www.fnal.gov/pub/science/particle-physics/index.html,403,,,,0,0,2026-06-10 13:26:43,FAILED
52,https://www.fnal.gov/pub/contact/index.html,403,,,,0,0,2026-06-10 13:26:44,FAILED
53,https://news.fnal.gov/tag/dark-matter/,200,dark matter Archives - News,0053_news.fnal.gov_tag_dark-matter.html,0053_news.fnal.gov_tag_dark-matter.txt,89581,793,2026-06-10 13:26:46,SUCCESS
54,https://www.fnal.gov/pub/newsroom/index.html,403,,,,0,0,2026-06-10 13:26:48,FAILED
55,https://education.fnal.gov/program/field-trip-essentials/,200,Field Trip Essentials – Fermilab Education and Public Engagement,0055_education.fnal.gov_program_field-trip-essentials.html,0055_education.fnal.gov_program_field-trip-essentials.txt,72346,704,2026-06-10 13:26:49,SUCCESS
56,https://education.fnal.gov/search,404,,,,0,0,2026-06-10 13:26:52,FAILED
57,https://news.fnal.gov/newsroom/public-events/,200,Calendar of public events | Public Events,0057_news.fnal.gov_newsroom_public-events.html,0057_news.fnal.gov_newsroom_public-events.txt,72352,224,2026-06-10 13:26:54,SUCCESS
58,https://education.fnal.gov/about/faq/,200,Frequently asked questions – Fermilab Education and Public Engagement,0058_education.fnal.gov_about_faq.html,0058_education.fnal.gov_about_faq.txt,71704,502,2026-06-10 13:26:57,SUCCESS
59,https://education.fnal.gov/ecology-and-the-environment/,200,Ecology and the environment – Fermilab Education and Public Engagement,0059_education.fnal.gov_ecology-and-the-environment.html,0059_education.fnal.gov_ecology-and-the-environment.txt,78304,562,2026-06-10 13:26:59,SUCCESS
60,https://education.fnal.gov/program/beauty-and-charm-at-fermilab/,200,Beauty and Charm – Introduction to Particle Physics teacher workshop – Fermilab Education and Public Engagement,0060_education.fnal.gov_program_beauty-and-charm-at-fermilab.html,0060_education.fnal.gov_program_beauty-and-charm-at-fermilab.txt,73033,680,2026-06-10 13:27:01,SUCCESS
61,https://education.fnal.gov/field-trips/,200,Field trips – Fermilab Education and Public Engagement,0061_education.fnal.gov_field-trips.html,0061_education.fnal.gov_field-trips.txt,84695,1077,2026-06-10 13:27:04,SUCCESS
62,https://education.fnal.gov/teacher-workshops/,200,Teacher workshops – Fermilab Education and Public Engagement,0062_education.fnal.gov_teacher-workshops.html,0062_education.fnal.gov_teacher-workshops.txt,81004,793,2026-06-10 13:27:06,SUCCESS
63,https://education.fnal.gov/program/energy-and-ecosystems/,200,"Energy and Ecosystems: Prairie, Water, and Woods teacher workshop – Fermilab Education and Public Engagement",0063_education.fnal.gov_program_energy-and-ecosystems.html,0063_education.fnal.gov_program_energy-and-ecosystems.txt,72779,625,2026-06-10 13:27:08,SUCCESS
64,https://education.fnal.gov/program/saturdaymorningphysics/,200,Saturday Morning Physics – Fermilab Education and Public Engagement,0064_education.fnal.gov_program_saturdaymorningphysics.html,0064_education.fnal.gov_program_saturdaymorningphysics.txt,78615,930,2026-06-10 13:27:10,SUCCESS
65,https://education.fnal.gov/neutrinos/,200,Neutrinos – Fermilab Education and Public Engagement,0065_education.fnal.gov_neutrinos.html,0065_education.fnal.gov_neutrinos.txt,85914,636,2026-06-10 13:27:12,SUCCESS
66,https://www.fnal.gov/pub/visiting/index.html,403,,,,0,0,2026-06-10 13:27:14,FAILED
67,https://education.fnal.gov/program/fermilab-center-quarknet-workshop/,200,Fermilab Center QuarkNet workshop – Fermilab Education and Public Engagement,0067_education.fnal.gov_program_fermilab-center-quarknet-wor.html,0067_education.fnal.gov_program_fermilab-center-quarknet-wor.txt,72258,742,2026-06-10 13:27:16,SUCCESS
68,https://education.fnal.gov/muons-and-other-fundamental-particles/,200,Muons and other fundamental particles – Fermilab Education and Public Engagement,0068_education.fnal.gov_muons-and-other-fundamental-particle.html,0068_education.fnal.gov_muons-and-other-fundamental-particle.txt,85101,840,2026-06-10 13:27:18,SUCCESS
69,https://education.fnal.gov/about/directions-to-lederman-science-center/,200,Plan your visit – Fermilab Education and Public Engagement,0069_education.fnal.gov_about_directions-to-lederman-science.html,0069_education.fnal.gov_about_directions-to-lederman-science.txt,69482,572,2026-06-10 13:27:20,SUCCESS
70,https://education.fnal.gov/explore/quantum-science/,200,Quantum science – Fermilab Education and Public Engagement,0070_education.fnal.gov_explore_quantum-science.html,0070_education.fnal.gov_explore_quantum-science.txt,81954,656,2026-06-10 13:27:22,SUCCESS
71,https://education.fnal.gov/about/for-employees/,200,For Fermilab employees – Fermilab Education and Public Engagement,0071_education.fnal.gov_about_for-employees.html,0071_education.fnal.gov_about_for-employees.txt,81211,567,2026-06-10 13:27:25,SUCCESS
72,https://education.fnal.gov/program/saturday-morning-quantum-in-chicago/,200,Saturday Morning Quantum* – Fermilab Education and Public Engagement,0072_education.fnal.gov_program_saturday-morning-quantum-in-.html,0072_education.fnal.gov_program_saturday-morning-quantum-in-.txt,87788,695,2026-06-10 13:27:27,SUCCESS
73,https://education.fnal.gov/quarknet/,200,QuarkNet – Fermilab Education and Public Engagement,0073_education.fnal.gov_quarknet.html,0073_education.fnal.gov_quarknet.txt,69938,629,2026-06-10 13:27:30,SUCCESS
74,https://education.fnal.gov/makerspace/,200,MakerSpace – Fermilab Education and Public Engagement,0074_education.fnal.gov_makerspace.html,0074_education.fnal.gov_makerspace.txt,74224,553,2026-06-10 13:27:32,SUCCESS
75,https://education.fnal.gov/cosmology/,200,Cosmology – Fermilab Education and Public Engagement,0075_education.fnal.gov_cosmology.html,0075_education.fnal.gov_cosmology.txt,81803,735,2026-06-10 13:27:34,SUCCESS
76,https://education.fnal.gov/scoring-particles-and-expanding-outreach/,200,Scoring Particles and Expanding Outreach – Fermilab Education and Public Engagement,0076_education.fnal.gov_scoring-particles-and-expanding-outr.html,0076_education.fnal.gov_scoring-particles-and-expanding-outr.txt,71834,607,2026-06-10 13:27:36,SUCCESS
77,https://news.fnal.gov/newsroom/press-release-sign-up/,200,Press release sign-up,0077_news.fnal.gov_newsroom_press-release-sign-up.html,0077_news.fnal.gov_newsroom_press-release-sign-up.txt,69404,285,2026-06-10 13:27:38,SUCCESS
78,https://education.fnal.gov/program/makerspace-open-lab/,200,MakerSpace Open Lab – Fermilab Education and Public Engagement,0078_education.fnal.gov_program_makerspace-open-lab.html,0078_education.fnal.gov_program_makerspace-open-lab.txt,90799,717,2026-06-10 13:27:40,SUCCESS
79,https://news.fnal.gov/newsroom/fact-sheets-and-brochures/,200,Fact sheets,0079_news.fnal.gov_newsroom_fact-sheets-and-brochures.html,0079_news.fnal.gov_newsroom_fact-sheets-and-brochures.txt,106848,602,2026-06-10 13:27:43,SUCCESS
80,https://education.fnal.gov/about/fermilab@fnal.gov,404,,,,0,0,2026-06-10 13:27:46,FAILED
81,https://education.fnal.gov/about/search,404,,,,0,0,2026-06-10 13:27:48,FAILED
82,https://www.fnal.gov/pub/about/,403,,,,0,0,2026-06-10 13:27:50,FAILED
83,https://education.fnal.gov/wp-content/uploads/2024/12/Fermilab-EPE-Strategic-Plan.pdf,200,(no title),0083_education.fnal.gov_wp-content_uploads_2024_12_Fermilab-.html,0083_education.fnal.gov_wp-content_uploads_2024_12_Fermilab-.txt,844056,15091,2026-06-10 13:27:52,SUCCESS
84,https://education.fnal.gov/program/stem-outreach/search,404,,,,0,0,2026-06-10 13:27:54,FAILED
85,https://education.fnal.gov/program/,200,Programs – Fermilab Education and Public Engagement,0085_education.fnal.gov_program.html,0085_education.fnal.gov_program.txt,74425,563,2026-06-10 13:27:56,SUCCESS
86,https://news.fnal.gov/tag/ai/page/3/,200,AI Archives - Page 3 of 3 - News,0086_news.fnal.gov_tag_ai_page_3.html,0086_news.fnal.gov_tag_ai_page_3.txt,78090,582,2026-06-10 13:27:58,SUCCESS
87,https://news.fnal.gov/tag/genesis-mission/,200,Genesis Mission Archives - News,0087_news.fnal.gov_tag_genesis-mission.html,0087_news.fnal.gov_tag_genesis-mission.txt,72097,398,2026-06-10 13:28:00,SUCCESS
88,https://news.fnal.gov/2025/12/fermilabs-accomplishments-highlight-discovery-and-innovation-in-2025/,200,Fermilab’s accomplishments highlight discovery and innovation in 2025,0088_news.fnal.gov_2025_12_fermilabs-accomplishments-highlig.html,0088_news.fnal.gov_2025_12_fermilabs-accomplishments-highlig.txt,117296,3013,2026-06-10 13:28:02,SUCCESS
89,https://news.fnal.gov/tag/ai/page/2/,200,AI Archives - Page 2 of 3 - News,0089_news.fnal.gov_tag_ai_page_2.html,0089_news.fnal.gov_tag_ai_page_2.txt,88076,806,2026-06-10 13:28:04,SUCCESS
90,https://news.fnal.gov/tag/ml/,200,ML Archives - News,0090_news.fnal.gov_tag_ml.html,0090_news.fnal.gov_tag_ml.txt,70285,440,2026-06-10 13:28:06,SUCCESS
91,https://news.fnal.gov/2026/04/fermilabs-new-director-clarifies-mission-and-achieves-progress-in-first-100-days/,200,Fermilab’s new director clarifies mission and achieves progress in first 100 days,0091_news.fnal.gov_2026_04_fermilabs-new-director-clarifies-.html,0091_news.fnal.gov_2026_04_fermilabs-new-director-clarifies-.txt,108712,2757,2026-06-10 13:28:08,SUCCESS
92,https://news.fnal.gov/tag/magis-100/,200,MAGIS-100 Archives - News,0092_news.fnal.gov_tag_magis-100.html,0092_news.fnal.gov_tag_magis-100.txt,91105,954,2026-06-10 13:28:10,SUCCESS
93,https://news.fnal.gov/tag/lbnf/,200,LBNF Archives - News,0093_news.fnal.gov_tag_lbnf.html,0093_news.fnal.gov_tag_lbnf.txt,93919,926,2026-06-10 13:28:12,SUCCESS
94,https://news.fnal.gov/2026/04/fermilab-researchers-develop-ai-tools-to-advance-the-future-of-particle-accelerators/,200,Fermilab researchers develop AI tools to advance the future of particle accelerators,0094_news.fnal.gov_2026_04_fermilab-researchers-develop-ai-t.html,0094_news.fnal.gov_2026_04_fermilab-researchers-develop-ai-t.txt,92659,1424,2026-06-10 13:28:14,SUCCESS
95,https://news.fnal.gov/tag/particle-detector-technology/,200,particle detector technology Archives - News,0095_news.fnal.gov_tag_particle-detector-technology.html,0095_news.fnal.gov_tag_particle-detector-technology.txt,93205,899,2026-06-10 13:28:16,SUCCESS
96,https://news.fnal.gov/tag/particle-accelerator/,200,particle accelerator Archives - News,0096_news.fnal.gov_tag_particle-accelerator.html,0096_news.fnal.gov_tag_particle-accelerator.txt,89664,823,2026-06-10 13:28:18,SUCCESS
97,https://news.fnal.gov/tag/pip-ii/,200,PIP-II Archives - News,0097_news.fnal.gov_tag_pip-ii.html,0097_news.fnal.gov_tag_pip-ii.txt,90264,841,2026-06-10 13:28:20,SUCCESS
98,https://news.fnal.gov/tag/genesis-misson/,200,Genesis Misson Archives - News,0098_news.fnal.gov_tag_genesis-misson.html,0098_news.fnal.gov_tag_genesis-misson.txt,70004,348,2026-06-10 13:28:22,SUCCESS
99,https://news.fnal.gov/2026/04/early-career-award-recipient-aleksandra-ciprijanovic-aims-to-create-universal-ai-analysis-framework/,200,Early Career Award recipient Aleksandra Ćiprijanović aims to create universal AI analysis framework,0099_news.fnal.gov_2026_04_early-career-award-recipient-alek.html,0099_news.fnal.gov_2026_04_early-career-award-recipient-alek.txt,88361,1047,2026-06-10 13:28:24,SUCCESS
100,https://news.fnal.gov/tag/collaboration/,200,collaboration Archives - News,0100_news.fnal.gov_tag_collaboration.html,0100_news.fnal.gov_tag_collaboration.txt,84810,794,2026-06-10 13:28:26,SUCCESS
101,https://news.fnal.gov/tag/microelectronics/,200,microelectronics Archives - News,0101_news.fnal.gov_tag_microelectronics.html,0101_news.fnal.gov_tag_microelectronics.txt,95904,861,2026-06-10 13:28:28,SUCCESS
102,https://news.fnal.gov/tag/artificial-intelligence/,200,artificial intelligence Archives - News,0102_news.fnal.gov_tag_artificial-intelligence.html,0102_news.fnal.gov_tag_artificial-intelligence.txt,90591,923,2026-06-10 13:28:31,SUCCESS
103,https://news.fnal.gov/tag/mu2e/,200,Mu2e Archives - News,0103_news.fnal.gov_tag_mu2e.html,0103_news.fnal.gov_tag_mu2e.txt,91084,867,2026-06-10 13:28:33,SUCCESS
104,https://news.fnal.gov/tag/dark-energy/,200,dark energy Archives - News,0104_news.fnal.gov_tag_dark-energy.html,0104_news.fnal.gov_tag_dark-energy.txt,89156,948,2026-06-10 13:28:35,SUCCESS
105,https://news.fnal.gov/tag/nova/,200,NOvA Archives - News,0105_news.fnal.gov_tag_nova.html,0105_news.fnal.gov_tag_nova.txt,85844,870,2026-06-10 13:28:37,SUCCESS
106,https://news.fnal.gov/tag/computing/,200,computing Archives - News,0106_news.fnal.gov_tag_computing.html,0106_news.fnal.gov_tag_computing.txt,93774,958,2026-06-10 13:28:39,SUCCESS
107,https://news.fnal.gov/tag/cryogenics/,200,cryogenics Archives - News,0107_news.fnal.gov_tag_cryogenics.html,0107_news.fnal.gov_tag_cryogenics.txt,93314,822,2026-06-10 13:28:41,SUCCESS
108,https://news.fnal.gov/tag/emerging-technologies/,200,emerging technologies Archives - News,0108_news.fnal.gov_tag_emerging-technologies.html,0108_news.fnal.gov_tag_emerging-technologies.txt,89119,881,2026-06-10 13:28:43,SUCCESS
109,https://news.fnal.gov/tag/astrophysics/,200,astrophysics Archives - News,0109_news.fnal.gov_tag_astrophysics.html,0109_news.fnal.gov_tag_astrophysics.txt,97006,770,2026-06-10 13:28:45,SUCCESS
110,https://news.fnal.gov/tag/award/,200,award Archives - News,0110_news.fnal.gov_tag_award.html,0110_news.fnal.gov_tag_award.txt,88034,877,2026-06-10 13:28:47,SUCCESS
111,https://news.fnal.gov/2026/03/fermilabs-fast-iota-facility-achieves-major-milestone-in-accelerator-research/,200,Fermilab’s FAST/IOTA facility achieves major milestone in accelerator research,0111_news.fnal.gov_2026_03_fermilabs-fast-iota-facility-achi.html,0111_news.fnal.gov_2026_03_fermilabs-fast-iota-facility-achi.txt,95768,1536,2026-06-10 13:28:50,SUCCESS
112,https://news.fnal.gov/tag/microboone/,200,MicroBooNE Archives - News,0112_news.fnal.gov_tag_microboone.html,0112_news.fnal.gov_tag_microboone.txt,90622,761,2026-06-10 13:28:52,SUCCESS
113,https://news.fnal.gov/tag/magnes/,200,Magnes Archives - News,0113_news.fnal.gov_tag_magnes.html,0113_news.fnal.gov_tag_magnes.txt,70647,340,2026-06-10 13:28:54,SUCCESS
114,https://news.fnal.gov/2026/01/fermilab-researchers-supercharge-neural-networks-boosting-potential-of-ai-to-revolutionize-particle-physics/,200,"Fermilab researchers supercharge neural networks, boosting potential of AI to revolutionize particle physics",0114_news.fnal.gov_2026_01_fermilab-researchers-supercharge-.html,0114_news.fnal.gov_2026_01_fermilab-researchers-supercharge-.txt,91088,1332,2026-06-10 13:28:56,SUCCESS
115,https://news.fnal.gov/tag/lbnf-dune/,200,LBNF/DUNE Archives - News,0115_news.fnal.gov_tag_lbnf-dune.html,0115_news.fnal.gov_tag_lbnf-dune.txt,85244,839,2026-06-10 13:28:58,SUCCESS
116,https://news.fnal.gov/tag/u-s-cms/,200,U.S. CMS Archives - News,0116_news.fnal.gov_tag_u-s-cms.html,0116_news.fnal.gov_tag_u-s-cms.txt,77385,450,2026-06-10 13:29:00,SUCCESS
117,https://news.fnal.gov/tag/theory/,200,theory Archives - News,0117_news.fnal.gov_tag_theory.html,0117_news.fnal.gov_tag_theory.txt,85093,849,2026-06-10 13:29:02,SUCCESS
118,https://news.fnal.gov/tag/machine-learning/,200,machine learning Archives - News,0118_news.fnal.gov_tag_machine-learning.html,0118_news.fnal.gov_tag_machine-learning.txt,93663,906,2026-06-10 13:29:04,SUCCESS
119,https://news.fnal.gov/tag/sqms/,200,SQMS Archives - News,0119_news.fnal.gov_tag_sqms.html,0119_news.fnal.gov_tag_sqms.txt,93247,872,2026-06-10 13:29:06,SUCCESS
120,https://news.fnal.gov/tag/ai/search,200,Search for hidden chambers using cosmic-ray muons – Public lecture by Mark Adams,0120_news.fnal.gov_tag_ai_search.html,0120_news.fnal.gov_tag_ai_search.txt,69441,324,2026-06-10 13:29:08,SUCCESS
121,https://news.fnal.gov/tag/muon-g-2/,200,Muon g-2 Archives - News,0121_news.fnal.gov_tag_muon-g-2.html,0121_news.fnal.gov_tag_muon-g-2.txt,88359,810,2026-06-10 13:29:10,SUCCESS
122,https://news.fnal.gov/tag/neutrino/,200,neutrino Archives - News,0122_news.fnal.gov_tag_neutrino.html,0122_news.fnal.gov_tag_neutrino.txt,97593,858,2026-06-10 13:29:13,SUCCESS
123,https://news.fnal.gov/tag/particle-physics/,200,particle physics Archives - News,0123_news.fnal.gov_tag_particle-physics.html,0123_news.fnal.gov_tag_particle-physics.txt,97584,855,2026-06-10 13:29:15,SUCCESS
124,https://news.fnal.gov/tag/accelerator-science/,200,accelerator science Archives - News,0124_news.fnal.gov_tag_accelerator-science.html,0124_news.fnal.gov_tag_accelerator-science.txt,93969,1031,2026-06-10 13:29:17,SUCCESS
125,https://news.fnal.gov/tag/lhc-aup/,200,LHC AUP Archives - News,0125_news.fnal.gov_tag_lhc-aup.html,0125_news.fnal.gov_tag_lhc-aup.txt,73209,428,2026-06-10 13:29:19,SUCCESS
126,https://news.fnal.gov/tag/hl-lhc-accelerator-upgrade-project/,200,HL-LHC Accelerator Upgrade Project Archives - News,0126_news.fnal.gov_tag_hl-lhc-accelerator-upgrade-project.html,0126_news.fnal.gov_tag_hl-lhc-accelerator-upgrade-project.txt,82157,660,2026-06-10 13:29:21,SUCCESS
127,https://news.fnal.gov/authors/marcia-teckenbrock/,200,Marcia Teckenbrock Archives - News,0127_news.fnal.gov_authors_marcia-teckenbrock.html,0127_news.fnal.gov_authors_marcia-teckenbrock.txt,95307,903,2026-06-10 13:29:23,SUCCESS
128,http://www.fnal.gov/,403,,,,0,0,2026-06-10 13:29:25,FAILED
129,https://news.fnal.gov/2026/05/fermilab-leads-multi-lab-ai-initiative-to-accelerate-design-of-chips-used-in-extreme-environments/search,200,Search for hidden chambers using cosmic-ray muons – Public lecture by Mark Adams,0129_news.fnal.gov_2026_05_fermilab-leads-multi-lab-ai-initi.html,0129_news.fnal.gov_2026_05_fermilab-leads-multi-lab-ai-initi.txt,69441,324,2026-06-10 13:29:26,SUCCESS
130,https://news.fnal.gov/tag/caltech/,200,Caltech Archives - News,0130_news.fnal.gov_tag_caltech.html,0130_news.fnal.gov_tag_caltech.txt,85853,692,2026-06-10 13:29:29,SUCCESS
131,https://news.fnal.gov/tag/quantum-communication/,200,quantum communication Archives - News,0131_news.fnal.gov_tag_quantum-communication.html,0131_news.fnal.gov_tag_quantum-communication.txt,94717,1090,2026-06-10 13:29:31,SUCCESS
132,https://news.fnal.gov/tag/students/,200,students Archives - News,0132_news.fnal.gov_tag_students.html,0132_news.fnal.gov_tag_students.txt,84885,813,2026-06-10 13:29:33,SUCCESS
133,https://news.fnal.gov/2025/06/cps-students-graduate-from-fermilab-quantum-science-program/,200,CPS students graduate from Fermilab quantum science program,0133_news.fnal.gov_2025_06_cps-students-graduate-from-fermil.html,0133_news.fnal.gov_2025_06_cps-students-graduate-from-fermil.txt,88838,1082,2026-06-10 13:29:35,SUCCESS
134,https://news.fnal.gov/2026/04/fermilab-celebrates-2026-quantum-science-program-graduates/search,200,Search for hidden chambers using cosmic-ray muons – Public lecture by Mark Adams,0134_news.fnal.gov_2026_04_fermilab-celebrates-2026-quantum-.html,0134_news.fnal.gov_2026_04_fermilab-celebrates-2026-quantum-.txt,69441,324,2026-06-10 13:29:37,SUCCESS
135,https://news.fnal.gov/tag/saturday-morning-quantum/,200,Saturday Morning Quantum Archives - News,0135_news.fnal.gov_tag_saturday-morning-quantum.html,0135_news.fnal.gov_tag_saturday-morning-quantum.txt,69234,340,2026-06-10 13:29:40,SUCCESS
136,https://news.fnal.gov/tag/quantum-information-science/,200,quantum information science Archives - News,0136_news.fnal.gov_tag_quantum-information-science.html,0136_news.fnal.gov_tag_quantum-information-science.txt,88863,1030,2026-06-10 13:29:42,SUCCESS
137,https://news.fnal.gov/tag/quantum-science/,200,quantum science Archives - News,0137_news.fnal.gov_tag_quantum-science.html,0137_news.fnal.gov_tag_quantum-science.txt,93777,1135,2026-06-10 13:29:44,SUCCESS
138,https://news.fnal.gov/2020/12/fermilab-and-partners-achieve-sustained-high-fidelity-quantum-teleportation/,200,"Fermilab and partners achieve sustained, high-fidelity quantum teleportation",0138_news.fnal.gov_2020_12_fermilab-and-partners-achieve-sus.html,0138_news.fnal.gov_2020_12_fermilab-and-partners-achieve-sus.txt,89485,1223,2026-06-10 13:29:46,SUCCESS
139,https://news.fnal.gov/tag/california/,200,California Archives - News,0139_news.fnal.gov_tag_california.html,0139_news.fnal.gov_tag_california.txt,98684,1148,2026-06-10 13:29:48,SUCCESS
140,https://news.fnal.gov/tag/in-q-net/,200,IN-Q-NET Archives - News,0140_news.fnal.gov_tag_in-q-net.html,0140_news.fnal.gov_tag_in-q-net.txt,69714,346,2026-06-10 13:29:50,SUCCESS
141,https://news.fnal.gov/2023/09/high-school-students-working-with-argonne-and-fermilab-compete-in-the-naacps-academic-olympics/,200,High school students working with Argonne and Fermilab compete in the NAACP’s academic olympics,0141_news.fnal.gov_2023_09_high-school-students-working-with.html,0141_news.fnal.gov_2023_09_high-school-students-working-with.txt,89512,1399,2026-06-10 13:29:52,SUCCESS
142,https://news.fnal.gov/tag/quantum-information-and-science/,200,quantum information and science Archives - News,0142_news.fnal.gov_tag_quantum-information-and-science.html,0142_news.fnal.gov_tag_quantum-information-and-science.txt,70078,388,2026-06-10 13:29:54,SUCCESS
143,https://news.fnal.gov/tag/quantum-teleportation/,200,quantum teleportation Archives - News,0143_news.fnal.gov_tag_quantum-teleportation.html,0143_news.fnal.gov_tag_quantum-teleportation.txt,82822,775,2026-06-10 13:29:56,SUCCESS
144,https://education.fnal.gov/lederman-science-center/search,404,,,,0,0,2026-06-10 13:29:58,FAILED
145,https://education.fnal.gov/engage/lederman-science-center/leon-lederman/,200,Leon M. Lederman – Fermilab Education and Public Engagement,0145_education.fnal.gov_engage_lederman-science-center_leon-.html,0145_education.fnal.gov_engage_lederman-science-center_leon-.txt,82599,999,2026-06-10 13:30:00,SUCCESS
146,https://education.fnal.gov/engage/lederman-science-center/exhibits/,200,Exhibits – Fermilab Education and Public Engagement,0146_education.fnal.gov_engage_lederman-science-center_exhib.html,0146_education.fnal.gov_engage_lederman-science-center_exhib.txt,73960,610,2026-06-10 13:30:04,SUCCESS
147,https://news.fnal.gov/2024/04/new-collaboration-sheds-bright-light-on-advancing-semiconductor-production-in-the-u-s/,200,New collaboration sheds bright light on advancing semiconductor production in the U.S.,0147_news.fnal.gov_2024_04_new-collaboration-sheds-bright-li.html,0147_news.fnal.gov_2024_04_new-collaboration-sheds-bright-li.txt,89008,959,2026-06-10 13:30:06,SUCCESS
148,https://news.fnal.gov/2026/01/fermilab-completes-laser-lab-construction-for-worlds-largest-vertical-atom-interferometer/,200,Fermilab completes laser lab construction for world’s largest vertical atom interferometer,0148_news.fnal.gov_2026_01_fermilab-completes-laser-lab-cons.html,0148_news.fnal.gov_2026_01_fermilab-completes-laser-lab-cons.txt,94481,1623,2026-06-10 13:30:08,SUCCESS
149,https://news.fnal.gov/tag/superconducting-radio-frequency-technology/,200,superconducting radio-frequency technology Archives - News,0149_news.fnal.gov_tag_superconducting-radio-frequency-techn.html,0149_news.fnal.gov_tag_superconducting-radio-frequency-techn.txt,92408,987,2026-06-10 13:30:10,SUCCESS
150,https://news.fnal.gov/tag/x-ray/,200,x-ray Archives - News,0150_news.fnal.gov_tag_x-ray.html,0150_news.fnal.gov_tag_x-ray.txt,83232,796,2026-06-10 13:30:12,SUCCESS
151,https://news.fnal.gov/2026/04/fermilab-completes-its-part-in-upgrading-worlds-most-powerful-x-ray-laser/search,200,Search for hidden chambers using cosmic-ray muons – Public lecture by Mark Adams,0151_news.fnal.gov_2026_04_fermilab-completes-its-part-in-up.html,0151_news.fnal.gov_2026_04_fermilab-completes-its-part-in-up.txt,69441,324,2026-06-10 13:30:14,SUCCESS
152,https://news.fnal.gov/authors/madeleine-okeefe/,200,Madeleine O’Keefe Archives - News,0152_news.fnal.gov_authors_madeleine-okeefe.html,0152_news.fnal.gov_authors_madeleine-okeefe.txt,98396,890,2026-06-10 13:30:16,SUCCESS
153,https://news.fnal.gov/2021/11/fermilab-sees-record-performance-from-next-generation-accelerator-component/,200,Fermilab sees record performance from next-generation accelerator component,0153_news.fnal.gov_2021_11_fermilab-sees-record-performance-.html,0153_news.fnal.gov_2021_11_fermilab-sees-record-performance-.txt,97792,1736,2026-06-10 13:30:19,SUCCESS
154,https://news.fnal.gov/tag/lcls-ii/,200,LCLS-II Archives - News,0154_news.fnal.gov_tag_lcls-ii.html,0154_news.fnal.gov_tag_lcls-ii.txt,95427,1026,2026-06-10 13:30:21,SUCCESS
155,https://news.fnal.gov/tag/cryomodule/,200,cryomodule Archives - News,0155_news.fnal.gov_tag_cryomodule.html,0155_news.fnal.gov_tag_cryomodule.txt,89770,835,2026-06-10 13:30:23,SUCCESS
156,https://news.fnal.gov/2023/09/slac-fires-up-the-worlds-most-powerful-x-ray-laser-lcls-ii-ushers-in-a-new-era-of-science/,200,SLAC fires up the world’s most powerful X-ray laser: LCLS-II ushers in a new era of science,0156_news.fnal.gov_2023_09_slac-fires-up-the-worlds-most-pow.html,0156_news.fnal.gov_2023_09_slac-fires-up-the-worlds-most-pow.txt,97937,2416,2026-06-10 13:30:25,SUCCESS
157,https://news.fnal.gov/tag/slac-national-accelerator-laboratory/,200,SLAC National Accelerator Laboratory Archives - News,0157_news.fnal.gov_tag_slac-national-accelerator-laboratory.html,0157_news.fnal.gov_tag_slac-national-accelerator-laboratory.txt,86875,766,2026-06-10 13:30:27,SUCCESS
158,https://news.fnal.gov/tag/laser/,200,laser Archives - News,0158_news.fnal.gov_tag_laser.html,0158_news.fnal.gov_tag_laser.txt,76742,541,2026-06-10 13:30:29,SUCCESS
159,https://news.fnal.gov/tag/jefferson-lab/,200,Jefferson Lab Archives - News,0159_news.fnal.gov_tag_jefferson-lab.html,0159_news.fnal.gov_tag_jefferson-lab.txt,101579,1205,2026-06-10 13:30:31,SUCCESS
160,https://news.fnal.gov/tag/engineering/,200,engineering Archives - News,0160_news.fnal.gov_tag_engineering.html,0160_news.fnal.gov_tag_engineering.txt,87817,852,2026-06-10 13:30:33,SUCCESS
161,https://news.fnal.gov/tag/leadership/,200,leadership Archives - News,0161_news.fnal.gov_tag_leadership.html,0161_news.fnal.gov_tag_leadership.txt,89107,725,2026-06-10 13:30:35,SUCCESS
162,https://news.fnal.gov/2026/03/dave-newbold-elected-co-spokesperson-of-dune-collaboration/,200,Dave Newbold elected co-spokesperson of DUNE collaboration,0162_news.fnal.gov_2026_03_dave-newbold-elected-co-spokesper.html,0162_news.fnal.gov_2026_03_dave-newbold-elected-co-spokesper.txt,87965,1241,2026-06-10 13:30:37,SUCCESS
163,https://news.fnal.gov/tag/desi/,200,DESI Archives - News,0163_news.fnal.gov_tag_desi.html,0163_news.fnal.gov_tag_desi.txt,90589,831,2026-06-10 13:30:39,SUCCESS
164,https://news.fnal.gov/tag/standard-model/,200,Standard Model Archives - News,0164_news.fnal.gov_tag_standard-model.html,0164_news.fnal.gov_tag_standard-model.txt,85517,811,2026-06-10 13:30:41,SUCCESS
165,https://news.fnal.gov/tag/muon/,200,muon Archives - News,0165_news.fnal.gov_tag_muon.html,0165_news.fnal.gov_tag_muon.txt,83643,811,2026-06-10 13:30:43,SUCCESS
166,https://news.fnal.gov/tag/sqms-center/,200,SQMS Center Archives - News,0166_news.fnal.gov_tag_sqms-center.html,0166_news.fnal.gov_tag_sqms-center.txt,90313,838,2026-06-10 13:30:46,SUCCESS
167,https://news.fnal.gov/tag/quantum-electronics/,200,quantum electronics Archives - News,0167_news.fnal.gov_tag_quantum-electronics.html,0167_news.fnal.gov_tag_quantum-electronics.txt,73836,480,2026-06-10 13:30:48,SUCCESS
168,https://news.fnal.gov/tag/dark-energy-spectroscopic-instrument/,200,Dark Energy Spectroscopic Instrument Archives - News,0168_news.fnal.gov_tag_dark-energy-spectroscopic-instrument.html,0168_news.fnal.gov_tag_dark-energy-spectroscopic-instrument.txt,99445,1132,2026-06-10 13:30:50,SUCCESS
169,https://news.fnal.gov/2026/04/icarus-experiment-marks-major-milestone-in-first-neutrino-science-results/,200,ICARUS experiment marks major milestone in first neutrino science results,0169_news.fnal.gov_2026_04_icarus-experiment-marks-major-mil.html,0169_news.fnal.gov_2026_04_icarus-experiment-marks-major-mil.txt,96557,1467,2026-06-10 13:30:52,SUCCESS
170,https://news.fnal.gov/tag/ions/,200,ions Archives - News,0170_news.fnal.gov_tag_ions.html,0170_news.fnal.gov_tag_ions.txt,70566,399,2026-06-10 13:30:54,SUCCESS
171,https://news.fnal.gov/tag/short-baseline-neutrino-program/,200,Short-Baseline Neutrino program Archives - News,0171_news.fnal.gov_tag_short-baseline-neutrino-program.html,0171_news.fnal.gov_tag_short-baseline-neutrino-program.txt,95587,896,2026-06-10 13:30:56,SUCCESS
172,https://news.fnal.gov/tag/milestone/,200,milestone Archives - News,0172_news.fnal.gov_tag_milestone.html,0172_news.fnal.gov_tag_milestone.txt,82584,696,2026-06-10 13:30:58,SUCCESS
173,https://news.fnal.gov/2026/02/doe-national-quantum-research-centers-reach-milestone-breakthrough-towards-building-scalable-quantum-computers/,200,DOE national quantum research centers reach breakthrough towards building scalable quantum computers,0173_news.fnal.gov_2026_02_doe-national-quantum-research-cen.html,0173_news.fnal.gov_2026_02_doe-national-quantum-research-cen.txt,93858,1492,2026-06-10 13:31:00,SUCCESS
174,https://news.fnal.gov/2026/04/fermilab-experiment-receives-prestigious-breakthrough-prize-in-fundamental-physics/,200,Fermilab experiment receives prestigious Breakthrough Prize in Fundamental Physics,0174_news.fnal.gov_2026_04_fermilab-experiment-receives-pres.html,0174_news.fnal.gov_2026_04_fermilab-experiment-receives-pres.txt,93335,1161,2026-06-10 13:31:02,SUCCESS
175,https://news.fnal.gov/tag/construction/,200,construction Archives - News,0175_news.fnal.gov_tag_construction.html,0175_news.fnal.gov_tag_construction.txt,95787,994,2026-06-10 13:31:04,SUCCESS
176,https://news.fnal.gov/category/newsroom/press-release/page/3/,200,Press releases Archives - Page 3 of 38 - News,0176_news.fnal.gov_category_newsroom_press-release_page_3.html,0176_news.fnal.gov_category_newsroom_press-release_page_3.txt,96790,919,2026-06-10 13:31:06,SUCCESS
177,https://news.fnal.gov/2026/04/desi-completes-planned-3d-map-of-the-universe-and-continues-exploring/,200,DESI completes planned 3D map of the universe and continues exploring,0177_news.fnal.gov_2026_04_desi-completes-planned-3d-map-of-.html,0177_news.fnal.gov_2026_04_desi-completes-planned-3d-map-of-.txt,106362,2823,2026-06-10 13:31:08,SUCCESS
178,https://news.fnal.gov/2026/04/spring-arrives-at-fermilab-welcoming-this-years-first-bison-calf/,200,"Spring arrives at Fermilab, welcoming this year’s first bison calf",0178_news.fnal.gov_2026_04_spring-arrives-at-fermilab-welcom.html,0178_news.fnal.gov_2026_04_spring-arrives-at-fermilab-welcom.txt,89974,1204,2026-06-10 13:31:10,SUCCESS
179,https://news.fnal.gov/category/newsroom/press-release/page/2/,200,Press releases Archives - Page 2 of 38 - News,0179_news.fnal.gov_category_newsroom_press-release_page_2.html,0179_news.fnal.gov_category_newsroom_press-release_page_2.txt,98259,892,2026-06-10 13:31:12,SUCCESS
180,https://news.fnal.gov/tag/sbn/,200,SBN Archives - News,0180_news.fnal.gov_tag_sbn.html,0180_news.fnal.gov_tag_sbn.txt,98196,978,2026-06-10 13:31:14,SUCCESS
181,https://news.fnal.gov/tag/neutrino-physics/,200,neutrino physics Archives - News,0181_news.fnal.gov_tag_neutrino-physics.html,0181_news.fnal.gov_tag_neutrino-physics.txt,84106,803,2026-06-10 13:31:16,SUCCESS
182,https://news.fnal.gov/tag/ecology/,200,ecology Archives - News,0182_news.fnal.gov_tag_ecology.html,0182_news.fnal.gov_tag_ecology.txt,84242,762,2026-06-10 13:31:18,SUCCESS
183,https://news.fnal.gov/tag/qubits/,200,qubits Archives - News,0183_news.fnal.gov_tag_qubits.html,0183_news.fnal.gov_tag_qubits.txt,88010,920,2026-06-10 13:31:20,SUCCESS
184,https://news.fnal.gov/category/newsroom/press-release/page/38/,200,Press releases Archives - Page 38 of 38 - News,0184_news.fnal.gov_category_newsroom_press-release_page_38.html,0184_news.fnal.gov_category_newsroom_press-release_page_38.txt,73629,499,2026-06-10 13:31:22,SUCCESS
185,https://news.fnal.gov/tag/baby-bison/,200,baby bison Archives - News,0185_news.fnal.gov_tag_baby-bison.html,0185_news.fnal.gov_tag_baby-bison.txt,81735,702,2026-06-10 13:31:24,SUCCESS
186,https://news.fnal.gov/tag/berkeley-lab/,200,Berkeley Lab Archives - News,0186_news.fnal.gov_tag_berkeley-lab.html,0186_news.fnal.gov_tag_berkeley-lab.txt,100126,1133,2026-06-10 13:31:26,SUCCESS
187,https://news.fnal.gov/tag/education/,200,education Archives - News,0187_news.fnal.gov_tag_education.html,0187_news.fnal.gov_tag_education.txt,89234,842,2026-06-10 13:31:28,SUCCESS
188,https://news.fnal.gov/tag/icarus/,200,ICARUS Archives - News,0188_news.fnal.gov_tag_icarus.html,0188_news.fnal.gov_tag_icarus.txt,98199,1072,2026-06-10 13:31:30,SUCCESS
189,https://news.fnal.gov/tag/cosmology/,200,cosmology Archives - News,0189_news.fnal.gov_tag_cosmology.html,0189_news.fnal.gov_tag_cosmology.txt,89890,829,2026-06-10 13:31:32,SUCCESS
190,https://news.fnal.gov/category/newsroom/press-release/search,404,,,,0,0,2026-06-10 13:31:34,FAILED
191,https://news.fnal.gov/2024/08/dune-scientists-observe-first-neutrinos-with-prototype-detector-at-fermilab/,200,DUNE scientists observe first neutrinos with prototype detector at Fermilab,0191_news.fnal.gov_2024_08_dune-scientists-observe-first-neu.html,0191_news.fnal.gov_2024_08_dune-scientists-observe-first-neu.txt,99170,1837,2026-06-10 13:31:36,SUCCESS
192,https://news.fnal.gov/2026/04/a-minute-with-jacopo-bernardini/,200,A minute with Jacopo Bernardini,0192_news.fnal.gov_2026_04_a-minute-with-jacopo-bernardini.html,0192_news.fnal.gov_2026_04_a-minute-with-jacopo-bernardini.txt,88292,1304,2026-06-10 13:31:39,SUCCESS
193,https://news.fnal.gov/2026/05/dune-will-use-liquid-argon-time-projection-chamber-technology-both-near-and-far/search,200,Search for hidden chambers using cosmic-ray muons – Public lecture by Mark Adams,0193_news.fnal.gov_2026_05_dune-will-use-liquid-argon-time-p.html,0193_news.fnal.gov_2026_05_dune-will-use-liquid-argon-time-p.txt,69441,324,2026-06-10 13:31:41,SUCCESS
194,https://news.fnal.gov/authors/zachary-burton/,200,Zachary Burton Archives - News,0194_news.fnal.gov_authors_zachary-burton.html,0194_news.fnal.gov_authors_zachary-burton.txt,81023,609,2026-06-10 13:31:44,SUCCESS
195,https://news.fnal.gov/authors/anne-heavey/,200,Anne Heavey Archives - News,0195_news.fnal.gov_authors_anne-heavey.html,0195_news.fnal.gov_authors_anne-heavey.txt,85600,668,2026-06-10 13:31:46,SUCCESS
196,https://news.fnal.gov/tag/deep-underground-neutrino-experiment/,200,Deep Underground Neutrino Experiment Archives - News,0196_news.fnal.gov_tag_deep-underground-neutrino-experiment.html,0196_news.fnal.gov_tag_deep-underground-neutrino-experiment.txt,88629,859,2026-06-10 13:31:48,SUCCESS
197,https://news.fnal.gov/2025/09/why-choose-liquid-argon-for-dune-detectors/,200,Why choose liquid argon for DUNE detectors?,0197_news.fnal.gov_2025_09_why-choose-liquid-argon-for-dune-.html,0197_news.fnal.gov_2025_09_why-choose-liquid-argon-for-dune-.txt,93576,1732,2026-06-10 13:31:50,SUCCESS
198,https://news.fnal.gov/2026/03/fermilabs-pip-ii-accelerator-project-recognized-at-uk-us-research-showcase/,200,Fermilab’s PIP-II accelerator project recognized at UK-US research showcase,0198_news.fnal.gov_2026_03_fermilabs-pip-ii-accelerator-proj.html,0198_news.fnal.gov_2026_03_fermilabs-pip-ii-accelerator-proj.txt,91438,1346,2026-06-10 13:31:52,SUCCESS
199,https://news.fnal.gov/tag/liquid-argon/,200,liquid argon Archives - News,0199_news.fnal.gov_tag_liquid-argon.html,0199_news.fnal.gov_tag_liquid-argon.txt,94489,906,2026-06-10 13:31:54,SUCCESS
200,https://news.fnal.gov/2022/12/detecting-dark-matter-with-quantum-computers/,200,Detecting dark matter with quantum computers,0200_news.fnal.gov_2022_12_detecting-dark-matter-with-quantu.html,0200_news.fnal.gov_2022_12_detecting-dark-matter-with-quantu.txt,92871,1550,2026-06-10 13:31:56,SUCCESS
201,https://news.fnal.gov/2026/04/new-electronically-tunable-quantum-detector-speeds-up-search-for-dark-matter/search,200,Search for hidden chambers using cosmic-ray muons – Public lecture by Mark Adams,0201_news.fnal.gov_2026_04_new-electronically-tunable-quantu.html,0201_news.fnal.gov_2026_04_new-electronically-tunable-quantu.txt,69441,324,2026-06-10 13:31:58,SUCCESS
202,https://news.fnal.gov/tag/doe/,200,DOE Archives - News,0202_news.fnal.gov_tag_doe.html,0202_news.fnal.gov_tag_doe.txt,88347,849,2026-06-10 13:32:00,SUCCESS
203,https://news.fnal.gov/tag/office-of-science/,200,Office of Science Archives - News,0203_news.fnal.gov_tag_office-of-science.html,0203_news.fnal.gov_tag_office-of-science.txt,75776,556,2026-06-10 13:32:02,SUCCESS
204,https://www.fnal.gov/pub/science/particle-physics/experiments/admx.html,403,,,,0,0,2026-06-10 13:32:04,FAILED
205,https://news.fnal.gov/2026/04/yao-lu-receives-early-career-award-to-harness-quantum-entanglement-for-dark-matter-search/,200,Yao Lu receives Early Career Award to harness quantum entanglement for dark matter search,0205_news.fnal.gov_2026_04_yao-lu-receives-early-career-awar.html,0205_news.fnal.gov_2026_04_yao-lu-receives-early-career-awar.txt,89390,1258,2026-06-10 13:32:06,SUCCESS
206,https://news.fnal.gov/2026/03/a-chilling-new-search-for-dark-matter-will-soon-be-underway/search,200,Search for hidden chambers using cosmic-ray muons – Public lecture by Mark Adams,0206_news.fnal.gov_2026_03_a-chilling-new-search-for-dark-ma.html,0206_news.fnal.gov_2026_03_a-chilling-new-search-for-dark-ma.txt,69441,324,2026-06-10 13:32:08,SUCCESS
207,https://news.fnal.gov/tag/neutrinos/,200,neutrinos Archives - News,0207_news.fnal.gov_tag_neutrinos.html,0207_news.fnal.gov_tag_neutrinos.txt,83164,783,2026-06-10 13:32:10,SUCCESS
208,https://news.fnal.gov/tag/community/,200,community Archives - News,0208_news.fnal.gov_tag_community.html,0208_news.fnal.gov_tag_community.txt,83415,792,2026-06-10 13:32:12,SUCCESS
209,https://news.fnal.gov/category/in-the-news/page/3/,200,In the news Archives - Page 3 of 167 - News,0209_news.fnal.gov_category_in-the-news_page_3.html,0209_news.fnal.gov_category_in-the-news_page_3.txt,85232,855,2026-06-10 13:32:14,SUCCESS
210,https://news.fnal.gov/category/in-the-news/page/2/,200,In the news Archives - Page 2 of 167 - News,0210_news.fnal.gov_category_in-the-news_page_2.html,0210_news.fnal.gov_category_in-the-news_page_2.txt,84500,850,2026-06-10 13:32:16,SUCCESS
211,https://news.fnal.gov/category/search,404,,,,0,0,2026-06-10 13:32:18,FAILED
212,https://news.fnal.gov/category/in-the-news/page/167/,200,In the news Archives - Page 167 of 167 - News,0212_news.fnal.gov_category_in-the-news_page_167.html,0212_news.fnal.gov_category_in-the-news_page_167.txt,77082,608,2026-06-10 13:32:20,SUCCESS
213,https://news.fnal.gov/tag/muons/,200,muons Archives - News,0213_news.fnal.gov_tag_muons.html,0213_news.fnal.gov_tag_muons.txt,85438,852,2026-06-10 13:32:22,SUCCESS
214,https://news.fnal.gov/tag/arts-and-lecture-series/,200,Arts and Lecture Series Archives - News,0214_news.fnal.gov_tag_arts-and-lecture-series.html,0214_news.fnal.gov_tag_arts-and-lecture-series.txt,66023,283,2026-06-10 13:32:25,SUCCESS
215,https://news.fnal.gov/tag/dune/page/3/,200,DUNE Archives - Page 3 of 46 - News,0215_news.fnal.gov_tag_dune_page_3.html,0215_news.fnal.gov_tag_dune_page_3.txt,83963,828,2026-06-10 13:32:27,SUCCESS
216,https://news.fnal.gov/2026/04/steven-gardiner-receives-early-career-award-to-advance-low-energy-neutrino-research-at-dune/,200,Steven Gardiner receives Early Career Award to advance low-energy neutrino research at DUNE,0216_news.fnal.gov_2026_04_steven-gardiner-receives-early-ca.html,0216_news.fnal.gov_2026_04_steven-gardiner-receives-early-ca.txt,88263,1152,2026-06-10 13:32:29,SUCCESS
217,https://news.fnal.gov/tag/dune/search,200,Search for hidden chambers using cosmic-ray muons – Public lecture by Mark Adams,0217_news.fnal.gov_tag_dune_search.html,0217_news.fnal.gov_tag_dune_search.txt,69441,324,2026-06-10 13:32:31,SUCCESS
218,https://news.fnal.gov/2026/04/dune-collaborators-advance-breakthrough-power-over-fiber-technology/,200,DUNE collaborators advance breakthrough power-over-fiber technology,0218_news.fnal.gov_2026_04_dune-collaborators-advance-breakt.html,0218_news.fnal.gov_2026_04_dune-collaborators-advance-breakt.txt,101006,2508,2026-06-10 13:32:33,SUCCESS
219,https://news.fnal.gov/tag/dune/page/46/,200,DUNE Archives - Page 46 of 46 - News,0219_news.fnal.gov_tag_dune_page_46.html,0219_news.fnal.gov_tag_dune_page_46.txt,87093,625,2026-06-10 13:32:35,SUCCESS
220,https://news.fnal.gov/tag/dune/page/2/,200,DUNE Archives - Page 2 of 46 - News,0220_news.fnal.gov_tag_dune_page_2.html,0220_news.fnal.gov_tag_dune_page_2.txt,90138,797,2026-06-10 13:32:37,SUCCESS
221,https://news.fnal.gov/2019/05/long-baseline-neutrino-facility-pre-excavation-work-is-in-full-swing/,200,Long-Baseline Neutrino Facility pre-excavation work is in full swing,0221_news.fnal.gov_2019_05_long-baseline-neutrino-facility-p.html,0221_news.fnal.gov_2019_05_long-baseline-neutrino-facility-p.txt,122819,1560,2026-06-10 13:32:39,SUCCESS
222,https://news.fnal.gov/2024/02/excavation-of-colossal-caverns-for-fermilabs-dune-experiment-completed/,200,Excavation of colossal caverns for Fermilab’s DUNE experiment completed,0222_news.fnal.gov_2024_02_excavation-of-colossal-caverns-fo.html,0222_news.fnal.gov_2024_02_excavation-of-colossal-caverns-fo.txt,94118,1407,2026-06-10 13:32:42,SUCCESS
223,https://news.fnal.gov/2026/04/largest-neutrino-experiment-in-the-us-wins-project-of-the-year-award/search,200,Search for hidden chambers using cosmic-ray muons – Public lecture by Mark Adams,0223_news.fnal.gov_2026_04_largest-neutrino-experiment-in-th.html,0223_news.fnal.gov_2026_04_largest-neutrino-experiment-in-th.txt,69441,324,2026-06-10 13:32:44,SUCCESS
224,https://news.fnal.gov/category/ext/search,404,,,,0,0,2026-06-10 13:32:47,FAILED
225,https://news.fnal.gov/category/ext/in-the-news/page/167/,200,In the news Archives - Page 167 of 167 - News,0225_news.fnal.gov_category_ext_in-the-news_page_167.html,0225_news.fnal.gov_category_ext_in-the-news_page_167.txt,77110,608,2026-06-10 13:32:49,SUCCESS
226,https://news.fnal.gov/category/ext/in-the-news/page/3/,200,In the news Archives - Page 3 of 167 - News,0226_news.fnal.gov_category_ext_in-the-news_page_3.html,0226_news.fnal.gov_category_ext_in-the-news_page_3.txt,85272,855,2026-06-10 13:32:51,SUCCESS
227,https://news.fnal.gov/category/ext/in-the-news/page/2/,200,In the news Archives - Page 2 of 167 - News,0227_news.fnal.gov_category_ext_in-the-news_page_2.html,0227_news.fnal.gov_category_ext_in-the-news_page_2.txt,84680,850,2026-06-10 13:32:53,SUCCESS
228,https://news.fnal.gov/newsroom/contact/search,200,Search for hidden chambers using cosmic-ray muons – Public lecture by Mark Adams,0228_news.fnal.gov_newsroom_contact_search.html,0228_news.fnal.gov_newsroom_contact_search.txt,69441,324,2026-06-10 13:32:55,SUCCESS
229,https://news.fnal.gov/tag/quantum/search,200,Search for hidden chambers using cosmic-ray muons – Public lecture by Mark Adams,0229_news.fnal.gov_tag_quantum_search.html,0229_news.fnal.gov_tag_quantum_search.txt,69441,324,2026-06-10 13:32:57,SUCCESS
230,https://news.fnal.gov/tag/nexus/,200,NEXUS Archives - News,0230_news.fnal.gov_tag_nexus.html,0230_news.fnal.gov_tag_nexus.txt,69739,417,2026-06-10 13:33:00,SUCCESS
231,https://news.fnal.gov/tag/quantum/page/3/,200,quantum Archives - Page 3 of 13 - News,0231_news.fnal.gov_tag_quantum_page_3.html,0231_news.fnal.gov_tag_quantum_page_3.txt,86637,805,2026-06-10 13:33:02,SUCCESS
232,https://news.fnal.gov/tag/quantum/page/2/,200,quantum Archives - Page 2 of 13 - News,0232_news.fnal.gov_tag_quantum_page_2.html,0232_news.fnal.gov_tag_quantum_page_2.txt,94565,895,2026-06-10 13:33:04,SUCCESS
233,https://news.fnal.gov/tag/quantum/page/13/,200,quantum Archives - Page 13 of 13 - News,0233_news.fnal.gov_tag_quantum_page_13.html,0233_news.fnal.gov_tag_quantum_page_13.txt,73505,399,2026-06-10 13:33:06,SUCCESS
234,https://news.fnal.gov/2026/05/fermilab-marks-major-milestone-for-world-leading-dune-experiment/search,200,Search for hidden chambers using cosmic-ray muons – Public lecture by Mark Adams,0234_news.fnal.gov_2026_05_fermilab-marks-major-milestone-fo.html,0234_news.fnal.gov_2026_05_fermilab-marks-major-milestone-fo.txt,69441,324,2026-06-10 13:33:08,SUCCESS
235,https://news.fnal.gov/2026/05/anna-grassellino-appointed-to-doe-office-of-science-advisory-committee/search,200,Search for hidden chambers using cosmic-ray muons – Public lecture by Mark Adams,0235_news.fnal.gov_2026_05_anna-grassellino-appointed-to-doe.html,0235_news.fnal.gov_2026_05_anna-grassellino-appointed-to-doe.txt,69441,324,2026-06-10 13:33:10,SUCCESS
236,https://news.fnal.gov/newsroom/search,200,Search for hidden chambers using cosmic-ray muons – Public lecture by Mark Adams,0236_news.fnal.gov_newsroom_search.html,0236_news.fnal.gov_newsroom_search.txt,69441,324,2026-06-10 13:33:12,SUCCESS
237,https://news.fnal.gov/authors/maxwell-bernstein/,200,Maxwell Bernstein Archives - News,0237_news.fnal.gov_authors_maxwell-bernstein.html,0237_news.fnal.gov_authors_maxwell-bernstein.txt,97068,855,2026-06-10 13:33:15,SUCCESS
238,https://news.fnal.gov/2026/05/using-ai-fermilab-researcher-probes-how-transistors-behave-in-extreme-cold/search,200,Search for hidden chambers using cosmic-ray muons – Public lecture by Mark Adams,0238_news.fnal.gov_2026_05_using-ai-fermilab-researcher-prob.html,0238_news.fnal.gov_2026_05_using-ai-fermilab-researcher-prob.txt,69441,324,2026-06-10 13:33:18,SUCCESS
239,https://news.fnal.gov/newsroom/news/search,200,Search for hidden chambers using cosmic-ray muons – Public lecture by Mark Adams,0239_news.fnal.gov_newsroom_news_search.html,0239_news.fnal.gov_newsroom_news_search.txt,69441,324,2026-06-10 13:33:20,SUCCESS
240,https://news.fnal.gov/newsroom/news/page/3/,200,News and features,0240_news.fnal.gov_newsroom_news_page_3.html,0240_news.fnal.gov_newsroom_news_page_3.txt,100138,932,2026-06-10 13:33:22,SUCCESS
241,https://news.fnal.gov/newsroom/news/page/2/,200,News and features,0241_news.fnal.gov_newsroom_news_page_2.html,0241_news.fnal.gov_newsroom_news_page_2.txt,98960,944,2026-06-10 13:33:24,SUCCESS
242,https://news.fnal.gov/newsroom/news/page/132/,200,News and features,0242_news.fnal.gov_newsroom_news_page_132.html,0242_news.fnal.gov_newsroom_news_page_132.txt,76024,467,2026-06-10 13:33:26,SUCCESS
243,https://news.fnal.gov/2026/06/fermilab-and-harmoniqs-integrate-open-source-tools-to-advance-qubit-control-optimization/search,200,Search for hidden chambers using cosmic-ray muons – Public lecture by Mark Adams,0243_news.fnal.gov_2026_06_fermilab-and-harmoniqs-integrate-.html,0243_news.fnal.gov_2026_06_fermilab-and-harmoniqs-integrate-.txt,69441,324,2026-06-10 13:33:28,SUCCESS
244,https://news.fnal.gov/2025/12/microboone-celebrates-its-tenth-anniversary-at-fermilab/,200,MicroBooNE celebrates tenth anniversary at Fermilab,0244_news.fnal.gov_2025_12_microboone-celebrates-its-tenth-a.html,0244_news.fnal.gov_2025_12_microboone-celebrates-its-tenth-a.txt,90560,1440,2026-06-10 13:33:31,SUCCESS
245,https://news.fnal.gov/2025/12/microboone-finds-no-evidence-for-a-sterile-neutrino/,200,MicroBooNE finds no evidence for a sterile neutrino,0245_news.fnal.gov_2025_12_microboone-finds-no-evidence-for-.html,0245_news.fnal.gov_2025_12_microboone-finds-no-evidence-for-.txt,96129,1562,2026-06-10 13:33:33,SUCCESS
246,https://news.fnal.gov/2026/05/mark-ross-lonergan-elected-co-spokesperson-for-microboone-collaboration/search,200,Search for hidden chambers using cosmic-ray muons – Public lecture by Mark Adams,0246_news.fnal.gov_2026_05_mark-ross-lonergan-elected-co-spo.html,0246_news.fnal.gov_2026_05_mark-ross-lonergan-elected-co-spo.txt,69441,324,2026-06-10 13:33:35,SUCCESS
247,https://news.fnal.gov/authors/mark-hume/,200,Mark Hume Archives - News,0247_news.fnal.gov_authors_mark-hume.html,0247_news.fnal.gov_authors_mark-hume.txt,75607,468,2026-06-10 13:33:37,SUCCESS
248,https://news.fnal.gov/2026/03/fermilab-drives-progress-for-national-ai-genesis-mission/search,200,Search for hidden chambers using cosmic-ray muons – Public lecture by Mark Adams,0248_news.fnal.gov_2026_03_fermilab-drives-progress-for-nati.html,0248_news.fnal.gov_2026_03_fermilab-drives-progress-for-nati.txt,69441,324,2026-06-10 13:33:39,SUCCESS
249,https://news.fnal.gov/tag/qick/search,200,Search for hidden chambers using cosmic-ray muons – Public lecture by Mark Adams,0249_news.fnal.gov_tag_qick_search.html,0249_news.fnal.gov_tag_qick_search.txt,69441,324,2026-06-10 13:33:41,SUCCESS
250,https://news.fnal.gov/tag/qick/page/3/,200,QICK Archives - Page 3 of 3 - News,0250_news.fnal.gov_tag_qick_page_3.html,0250_news.fnal.gov_tag_qick_page_3.txt,80015,612,2026-06-10 13:33:43,SUCCESS
251,https://news.fnal.gov/tag/qick/page/2/,200,QICK Archives - Page 2 of 3 - News,0251_news.fnal.gov_tag_qick_page_2.html,0251_news.fnal.gov_tag_qick_page_2.txt,89753,830,2026-06-10 13:33:45,SUCCESS
252,https://news.fnal.gov/tag/quantum-computing/,200,quantum computing Archives - News,0252_news.fnal.gov_tag_quantum-computing.html,0252_news.fnal.gov_tag_quantum-computing.txt,87061,836,2026-06-10 13:33:48,SUCCESS
253,https://news.fnal.gov/2026/01/sqms-center-team-from-fermilab-and-nyu-langone-advance-in-nih-quantum-computing-challenge/,200,SQMS Center team from Fermilab and NYU Langone advance in NIH Quantum Computing Challenge,0253_news.fnal.gov_2026_01_sqms-center-team-from-fermilab-an.html,0253_news.fnal.gov_2026_01_sqms-center-team-from-fermilab-an.txt,89818,1260,2026-06-10 13:33:50,SUCCESS
254,https://news.fnal.gov/tag/partnership/search,200,Search for hidden chambers using cosmic-ray muons – Public lecture by Mark Adams,0254_news.fnal.gov_tag_partnership_search.html,0254_news.fnal.gov_tag_partnership_search.txt,69441,324,2026-06-10 13:33:52,SUCCESS
255,https://news.fnal.gov/tag/partnership/page/3/,200,partnership Archives - Page 3 of 4 - News,0255_news.fnal.gov_tag_partnership_page_3.html,0255_news.fnal.gov_tag_partnership_page_3.txt,93249,977,2026-06-10 13:33:55,SUCCESS
256,https://news.fnal.gov/tag/iarc/,200,IARC Archives - News,0256_news.fnal.gov_tag_iarc.html,0256_news.fnal.gov_tag_iarc.txt,90744,808,2026-06-10 13:33:57,SUCCESS
257,https://news.fnal.gov/tag/partnership/page/4/,200,partnership Archives - Page 4 of 4 - News,0257_news.fnal.gov_tag_partnership_page_4.html,0257_news.fnal.gov_tag_partnership_page_4.txt,72457,416,2026-06-10 13:33:59,SUCCESS
258,https://news.fnal.gov/2025/12/fermilab-teams-up-with-proficio-to-develop-water-treatment-system-targeting-pfas/,200,Fermilab teams up with Proficio to develop water treatment system targeting PFAS,0258_news.fnal.gov_2025_12_fermilab-teams-up-with-proficio-t.html,0258_news.fnal.gov_2025_12_fermilab-teams-up-with-proficio-t.txt,90071,1140,2026-06-10 13:34:01,SUCCESS
259,https://news.fnal.gov/tag/quantum-network/,200,quantum network Archives - News,0259_news.fnal.gov_tag_quantum-network.html,0259_news.fnal.gov_tag_quantum-network.txt,90187,910,2026-06-10 13:34:03,SUCCESS
260,https://news.fnal.gov/2025/12/fermilab-celebrates-new-era-of-quantum-innovation-with-exploring-the-quantum-universe/,200,Fermilab celebrates new era of quantum innovation with ‘Exploring the Quantum Universe’,0260_news.fnal.gov_2025_12_fermilab-celebrates-new-era-of-qu.html,0260_news.fnal.gov_2025_12_fermilab-celebrates-new-era-of-qu.txt,93250,1444,2026-06-10 13:34:05,SUCCESS
261,https://news.fnal.gov/tag/accelerator-applications/,200,accelerator applications Archives - News,0261_news.fnal.gov_tag_accelerator-applications.html,0261_news.fnal.gov_tag_accelerator-applications.txt,84143,749,2026-06-10 13:34:07,SUCCESS
262,https://news.fnal.gov/tag/pfas/,200,PFAS Archives - News,0262_news.fnal.gov_tag_pfas.html,0262_news.fnal.gov_tag_pfas.txt,76780,585,2026-06-10 13:34:09,SUCCESS
263,https://news.fnal.gov/tag/partnership/page/2/,200,partnership Archives - Page 2 of 4 - News,0263_news.fnal.gov_tag_partnership_page_2.html,0263_news.fnal.gov_tag_partnership_page_2.txt,87975,782,2026-06-10 13:34:11,SUCCESS
264,https://news.fnal.gov/2026/04/fermilab-teams-up-with-niu-to-launch-quantum-science-program/search,200,Search for hidden chambers using cosmic-ray muons – Public lecture by Mark Adams,0264_news.fnal.gov_2026_04_fermilab-teams-up-with-niu-to-lau.html,0264_news.fnal.gov_2026_04_fermilab-teams-up-with-niu-to-lau.txt,69441,324,2026-06-10 13:34:13,SUCCESS
265,https://news.fnal.gov/newsroom/social-media/search,200,Search for hidden chambers using cosmic-ray muons – Public lecture by Mark Adams,0265_news.fnal.gov_newsroom_social-media_search.html,0265_news.fnal.gov_newsroom_social-media_search.txt,69441,324,2026-06-10 13:34:15,SUCCESS
266,https://news.fnal.gov/wp-content/uploads/about-fermilab.pdf,200,(no title),0266_news.fnal.gov_wp-content_uploads_about-fermilab.pdf.html,0266_news.fnal.gov_wp-content_uploads_about-fermilab.pdf.txt,5284361,111164,2026-06-10 13:34:17,SUCCESS
267,https://news.fnal.gov/tag/technology-transfer/,200,technology transfer Archives - News,0267_news.fnal.gov_tag_technology-transfer.html,0267_news.fnal.gov_tag_technology-transfer.txt,90620,919,2026-06-10 13:34:19,SUCCESS
268,https://news.fnal.gov/tag/large-hadron-collider/,200,Large Hadron Collider Archives - News,0268_news.fnal.gov_tag_large-hadron-collider.html,0268_news.fnal.gov_tag_large-hadron-collider.txt,93962,892,2026-06-10 13:34:22,SUCCESS
269,https://news.fnal.gov/tag/cern/,200,CERN Archives - News,0269_news.fnal.gov_tag_cern.html,0269_news.fnal.gov_tag_cern.txt,90470,688,2026-06-10 13:34:24,SUCCESS
270,https://news.fnal.gov/tag/edwards-center/,200,Edwards Center Archives - News,0270_news.fnal.gov_tag_edwards-center.html,0270_news.fnal.gov_tag_edwards-center.txt,90066,821,2026-06-10 13:34:26,SUCCESS
271,https://news.fnal.gov/wp-content/uploads/mu2e-factsheet.pdf,200,(no title),0271_news.fnal.gov_wp-content_uploads_mu2e-factsheet.pdf.html,0271_news.fnal.gov_wp-content_uploads_mu2e-factsheet.pdf.txt,789025,13428,2026-06-10 13:34:28,SUCCESS
272,https://news.fnal.gov/wp-content/uploads/site-map.pdf,200,(no title),0272_news.fnal.gov_wp-content_uploads_site-map.pdf.html,0272_news.fnal.gov_wp-content_uploads_site-map.pdf.txt,7946163,187031,2026-06-10 13:34:29,SUCCESS
273,https://news.fnal.gov/wp-content/uploads/fermilab-procurements.pdf,200,(no title),0273_news.fnal.gov_wp-content_uploads_fermilab-procurements..html,0273_news.fnal.gov_wp-content_uploads_fermilab-procurements..txt,226278,4017,2026-06-10 13:34:32,SUCCESS
274,https://news.fnal.gov/wp-content/uploads/artificial-intelligence.pdf,200,(no title),0274_news.fnal.gov_wp-content_uploads_artificial-intelligenc.html,0274_news.fnal.gov_wp-content_uploads_artificial-intelligenc.txt,11717568,242901,2026-06-10 13:34:33,SUCCESS
275,https://news.fnal.gov/wp-content/uploads/vettech.pdf,200,(no title),0275_news.fnal.gov_wp-content_uploads_vettech.pdf.html,0275_news.fnal.gov_wp-content_uploads_vettech.pdf.txt,3268247,61525,2026-06-10 13:34:36,SUCCESS
276,https://news.fnal.gov/wp-content/uploads/working-with-small-businesses.pdf,200,(no title),0276_news.fnal.gov_wp-content_uploads_working-with-small-bus.html,0276_news.fnal.gov_wp-content_uploads_working-with-small-bus.txt,214012,4523,2026-06-10 13:34:38,SUCCESS
277,https://news.fnal.gov/wp-content/uploads/pip-ii.pdf,200,(no title),0277_news.fnal.gov_wp-content_uploads_pip-ii.pdf.html,0277_news.fnal.gov_wp-content_uploads_pip-ii.pdf.txt,4865611,105070,2026-06-10 13:34:39,SUCCESS
278,https://news.fnal.gov/tag/accelerator/,200,accelerator Archives - News,0278_news.fnal.gov_tag_accelerator.html,0278_news.fnal.gov_tag_accelerator.txt,91177,778,2026-06-10 13:34:42,SUCCESS
279,https://news.fnal.gov/tag/illinois-accelerator-research-center/,200,Illinois Accelerator Research Center Archives - News,0279_news.fnal.gov_tag_illinois-accelerator-research-center.html,0279_news.fnal.gov_tag_illinois-accelerator-research-center.txt,72906,377,2026-06-10 13:34:44,SUCCESS
280,https://news.fnal.gov/wp-content/uploads/saturday-morning-physics-fact-sheet.pdf,200,(no title),0280_news.fnal.gov_wp-content_uploads_saturday-morning-physi.html,0280_news.fnal.gov_wp-content_uploads_saturday-morning-physi.txt,3929442,84060,2026-06-10 13:34:46,SUCCESS
281,https://news.fnal.gov/wp-content/uploads/edwards-center.pdf,200,(no title),0281_news.fnal.gov_wp-content_uploads_edwards-center.pdf.html,0281_news.fnal.gov_wp-content_uploads_edwards-center.pdf.txt,5787843,123966,2026-06-10 13:34:48,SUCCESS
282,https://news.fnal.gov/wp-content/uploads/quantum-science-technology.pdf,200,(no title),0282_news.fnal.gov_wp-content_uploads_quantum-science-techno.html,0282_news.fnal.gov_wp-content_uploads_quantum-science-techno.txt,3886274,73000,2026-06-10 13:34:50,SUCCESS
283,https://news.fnal.gov/tag/internship/,200,internship Archives - News,0283_news.fnal.gov_tag_internship.html,0283_news.fnal.gov_tag_internship.txt,89072,756,2026-06-10 13:34:52,SUCCESS
284,https://news.fnal.gov/wp-content/uploads/partnerships-contribute-us-economy.pdf,200,(no title),0284_news.fnal.gov_wp-content_uploads_partnerships-contribut.html,0284_news.fnal.gov_wp-content_uploads_partnerships-contribut.txt,2639466,56172,2026-06-10 13:34:54,SUCCESS
285,https://news.fnal.gov/wp-content/uploads/what-are-neutrinos.pdf,200,(no title),0285_news.fnal.gov_wp-content_uploads_what-are-neutrinos.pdf.html,0285_news.fnal.gov_wp-content_uploads_what-are-neutrinos.pdf.txt,3182839,58034,2026-06-10 13:34:56,SUCCESS
286,https://news.fnal.gov/wp-content/uploads/us-lhc.pdf,200,(no title),0286_news.fnal.gov_wp-content_uploads_us-lhc.pdf.html,0286_news.fnal.gov_wp-content_uploads_us-lhc.pdf.txt,2654454,53554,2026-06-10 13:34:58,SUCCESS
287,https://news.fnal.gov/tag/lhc/,200,LHC Archives - News,0287_news.fnal.gov_tag_lhc.html,0287_news.fnal.gov_tag_lhc.txt,88201,753,2026-06-10 13:35:00,SUCCESS
288,https://news.fnal.gov/wp-content/uploads/fourth-neutrino.pdf,200,(no title),0288_news.fnal.gov_wp-content_uploads_fourth-neutrino.pdf.html,0288_news.fnal.gov_wp-content_uploads_fourth-neutrino.pdf.txt,2081369,43524,2026-06-10 13:35:02,SUCCESS
289,https://news.fnal.gov/wp-content/uploads/neutrino-experiments.pdf,200,(no title),0289_news.fnal.gov_wp-content_uploads_neutrino-experiments.p.html,0289_news.fnal.gov_wp-content_uploads_neutrino-experiments.p.txt,3989167,79314,2026-06-10 13:35:04,SUCCESS
290,https://news.fnal.gov/wp-content/uploads/particle-physics-benefits.pdf,200,(no title),0290_news.fnal.gov_wp-content_uploads_particle-physics-benef.html,0290_news.fnal.gov_wp-content_uploads_particle-physics-benef.txt,22969600,456342,2026-06-10 13:35:06,SUCCESS
291,https://news.fnal.gov/tag/experiment/,200,experiment Archives - News,0291_news.fnal.gov_tag_experiment.html,0291_news.fnal.gov_tag_experiment.txt,87797,964,2026-06-10 13:35:08,SUCCESS
292,https://news.fnal.gov/tag/history/,200,history Archives - News,0292_news.fnal.gov_tag_history.html,0292_news.fnal.gov_tag_history.txt,87548,819,2026-06-10 13:35:10,SUCCESS
293,https://news.fnal.gov/wp-content/uploads/2021/08/dune-numbers.pdf,200,(no title),0293_news.fnal.gov_wp-content_uploads_2021_08_dune-numbers.p.html,0293_news.fnal.gov_wp-content_uploads_2021_08_dune-numbers.p.txt,121966,5199,2026-06-10 13:35:12,SUCCESS
294,https://news.fnal.gov/wp-content/uploads/iarc.pdf,200,(no title),0294_news.fnal.gov_wp-content_uploads_iarc.pdf.html,0294_news.fnal.gov_wp-content_uploads_iarc.pdf.txt,6623538,141929,2026-06-10 13:35:14,SUCCESS
295,https://news.fnal.gov/wp-content/uploads/architecture.pdf,200,(no title),0295_news.fnal.gov_wp-content_uploads_architecture.pdf.html,0295_news.fnal.gov_wp-content_uploads_architecture.pdf.txt,4398661,87978,2026-06-10 13:35:16,SUCCESS
296,https://news.fnal.gov/wp-content/uploads/muon-g-2.pdf,200,(no title),0296_news.fnal.gov_wp-content_uploads_muon-g-2.pdf.html,0296_news.fnal.gov_wp-content_uploads_muon-g-2.pdf.txt,2563401,50624,2026-06-10 13:35:18,SUCCESS
297,https://news.fnal.gov/tag/environment/,200,environment Archives - News,0297_news.fnal.gov_tag_environment.html,0297_news.fnal.gov_tag_environment.txt,87011,870,2026-06-10 13:35:20,SUCCESS
298,https://news.fnal.gov/wp-content/uploads/sqms.pdf,200,(no title),0298_news.fnal.gov_wp-content_uploads_sqms.pdf.html,0298_news.fnal.gov_wp-content_uploads_sqms.pdf.txt,8371842,171607,2026-06-10 13:35:22,SUCCESS
299,https://news.fnal.gov/wp-content/uploads/managing-tritium.pdf,200,(no title),0299_news.fnal.gov_wp-content_uploads_managing-tritium.pdf.html,0299_news.fnal.gov_wp-content_uploads_managing-tritium.pdf.txt,1521162,31140,2026-06-10 13:35:25,SUCCESS
300,https://news.fnal.gov/tag/procurement/,200,procurement Archives - News,0300_news.fnal.gov_tag_procurement.html,0300_news.fnal.gov_tag_procurement.txt,65833,277,2026-06-10 13:35:27,SUCCESS
301,https://news.fnal.gov/fact-sheets/search,200,Search for hidden chambers using cosmic-ray muons – Public lecture by Mark Adams,0301_news.fnal.gov_fact-sheets_search.html,0301_news.fnal.gov_fact-sheets_search.txt,69441,324,2026-06-10 13:35:29,SUCCESS
302,https://news.fnal.gov/wp-content/uploads/scientific-computing.pdf,200,(no title),0302_news.fnal.gov_wp-content_uploads_scientific-computing.p.html,0302_news.fnal.gov_wp-content_uploads_scientific-computing.p.txt,6199409,126902,2026-06-10 13:35:31,SUCCESS
303,https://news.fnal.gov/wp-content/uploads/higgs-discovery-deconstruction.pdf,200,(no title),0303_news.fnal.gov_wp-content_uploads_higgs-discovery-decons.html,0303_news.fnal.gov_wp-content_uploads_higgs-discovery-decons.txt,1050419,16683,2026-06-10 13:35:33,SUCCESS
304,https://news.fnal.gov/tag/higgs-boson/,200,Higgs boson Archives - News,0304_news.fnal.gov_tag_higgs-boson.html,0304_news.fnal.gov_tag_higgs-boson.txt,90016,751,2026-06-10 13:35:35,SUCCESS
305,https://news.fnal.gov/tag/national-laboratory/,200,national laboratory Archives - News,0305_news.fnal.gov_tag_national-laboratory.html,0305_news.fnal.gov_tag_national-laboratory.txt,81154,863,2026-06-10 13:35:37,SUCCESS
306,https://news.fnal.gov/wp-content/uploads/dune_fact_sheet.pdf,200,(no title),0306_news.fnal.gov_wp-content_uploads_dune_fact_sheet.pdf.html,0306_news.fnal.gov_wp-content_uploads_dune_fact_sheet.pdf.txt,3732950,73414,2026-06-10 13:35:39,SUCCESS
307,https://news.fnal.gov/category/newsroom/fermilab-feature/page/3/,200,Fermilab features Archives - Page 3 of 66 - News,0307_news.fnal.gov_category_newsroom_fermilab-feature_page_3.html,0307_news.fnal.gov_category_newsroom_fermilab-feature_page_3.txt,100172,854,2026-06-10 13:35:41,SUCCESS
308,https://news.fnal.gov/category/newsroom/fermilab-feature/page/2/,200,Fermilab features Archives - Page 2 of 66 - News,0308_news.fnal.gov_category_newsroom_fermilab-feature_page_2.html,0308_news.fnal.gov_category_newsroom_fermilab-feature_page_2.txt,95996,847,2026-06-10 13:35:43,SUCCESS
309,https://news.fnal.gov/category/newsroom/fermilab-feature/search,404,,,,0,0,2026-06-10 13:35:45,FAILED
310,https://news.fnal.gov/category/newsroom/fermilab-feature/page/66/,200,Fermilab features Archives - Page 66 of 66 - News,0310_news.fnal.gov_category_newsroom_fermilab-feature_page_6.html,0310_news.fnal.gov_category_newsroom_fermilab-feature_page_6.txt,95704,887,2026-06-10 13:35:47,SUCCESS
311,https://news.fnal.gov/newsroom/fact-sheets/search,200,Search for hidden chambers using cosmic-ray muons – Public lecture by Mark Adams,0311_news.fnal.gov_newsroom_fact-sheets_search.html,0311_news.fnal.gov_newsroom_fact-sheets_search.txt,69441,324,2026-06-10 13:35:49,SUCCESS
312,https://news.fnal.gov/2026/03/new-ultra-fast-particle-detector-could-help-unmask-dark-matter/,200,New ultra-fast particle detector could help unmask dark matter,0312_news.fnal.gov_2026_03_new-ultra-fast-particle-detector-.html,0312_news.fnal.gov_2026_03_new-ultra-fast-particle-detector-.txt,93768,1709,2026-06-10 13:35:53,SUCCESS
313,https://news.fnal.gov/tag/dark-matter/page/3/,200,dark matter Archives - Page 3 of 24 - News,0313_news.fnal.gov_tag_dark-matter_page_3.html,0313_news.fnal.gov_tag_dark-matter_page_3.txt,89111,781,2026-06-10 13:35:55,SUCCESS
314,https://news.fnal.gov/tag/dark-matter/page/24/,200,dark matter Archives - Page 24 of 24 - News,0314_news.fnal.gov_tag_dark-matter_page_24.html,0314_news.fnal.gov_tag_dark-matter_page_24.txt,87406,724,2026-06-10 13:35:57,SUCCESS
315,https://news.fnal.gov/2025/06/a-minute-with-ryan-linehan/,200,A minute with Ryan Linehan,0315_news.fnal.gov_2025_06_a-minute-with-ryan-linehan.html,0315_news.fnal.gov_2025_06_a-minute-with-ryan-linehan.txt,85937,1144,2026-06-10 13:35:59,SUCCESS
316,https://news.fnal.gov/tag/magnetic-moment/,200,magnetic moment Archives - News,0316_news.fnal.gov_tag_magnetic-moment.html,0316_news.fnal.gov_tag_magnetic-moment.txt,85612,929,2026-06-10 13:36:01,SUCCESS
317,https://news.fnal.gov/tag/dark-matter/page/2/,200,dark matter Archives - Page 2 of 24 - News,0317_news.fnal.gov_tag_dark-matter_page_2.html,0317_news.fnal.gov_tag_dark-matter_page_2.txt,89116,930,2026-06-10 13:36:03,SUCCESS
318,https://news.fnal.gov/tag/high-luminosity-large-hadron-collider/,200,High-Luminosity Large Hadron Collider Archives - News,0318_news.fnal.gov_tag_high-luminosity-large-hadron-collider.html,0318_news.fnal.gov_tag_high-luminosity-large-hadron-collider.txt,91130,867,2026-06-10 13:36:05,SUCCESS
319,https://news.fnal.gov/tag/cms/,200,CMS Archives - News,0319_news.fnal.gov_tag_cms.html,0319_news.fnal.gov_tag_cms.txt,89578,795,2026-06-10 13:36:07,SUCCESS
320,https://news.fnal.gov/2026/03/fermilab-led-study-advances-development-of-sophisticated-quantum-sensors-to-track-high-energy-particles-and-detect-dark-matter/,200,Fermilab-led study advances development of sophisticated quantum sensors to track high-energy particles and detect dark matter,0320_news.fnal.gov_2026_03_fermilab-led-study-advances-devel.html,0320_news.fnal.gov_2026_03_fermilab-led-study-advances-devel.txt,92569,1159,2026-06-10 13:36:09,SUCCESS
321,https://news.fnal.gov/tag/dark-matter/search,200,Search for hidden chambers using cosmic-ray muons – Public lecture by Mark Adams,0321_news.fnal.gov_tag_dark-matter_search.html,0321_news.fnal.gov_tag_dark-matter_search.txt,69441,324,2026-06-10 13:36:11,SUCCESS
322,https://education.fnal.gov/program/field-trip-essentials/search,404,,,,0,0,2026-06-10 13:36:14,FAILED
323,http://education.fnal.gov/,200,Fermilab Education and Public Engagement,0323_education.fnal.gov.html,0323_education.fnal.gov.txt,88419,716,2026-06-10 13:36:16,SUCCESS
324,https://www.fnal.gov/pub/community/,403,,,,0,0,2026-06-10 13:36:18,FAILED
325,https://www.fnal.gov/pub/jobs/index.html,403,,,,0,0,2026-06-10 13:36:20,FAILED
326,http://news.fnal.gov/newsroom/subscribe-to-fermilab-frontiers/,200,Subscribe to Fermilab Frontiers,0326_news.fnal.gov_newsroom_subscribe-to-fermilab-frontiers.html,0326_news.fnal.gov_newsroom_subscribe-to-fermilab-frontiers.txt,72660,337,2026-06-10 13:36:21,SUCCESS
327,https://education.fnal.gov/engage/lederman-science-center/,200,Lederman Science Center – Fermilab Education and Public Engagement,0327_education.fnal.gov_engage_lederman-science-center.html,0327_education.fnal.gov_engage_lederman-science-center.txt,85040,610,2026-06-10 13:36:24,SUCCESS
328,https://education.fnal.gov/about/faq/search,404,,,,0,0,2026-06-10 13:36:27,FAILED
329,https://education.fnal.gov/ecology-and-the-environment/search,404,,,,0,0,2026-06-10 13:36:29,FAILED
330,https://www.fnal.gov/pub/about/bisoncam/,403,,,,0,0,2026-06-10 13:36:31,FAILED
331,https://education.fnal.gov/program/beauty-and-charm-field-trip/,200,Beauty and Charm field trip – Fermilab Education and Public Engagement,0331_education.fnal.gov_program_beauty-and-charm-field-trip.html,0331_education.fnal.gov_program_beauty-and-charm-field-trip.txt,76789,927,2026-06-10 13:36:32,SUCCESS
332,https://education.fnal.gov/program/beauty-and-charm-at-fermilab/search,404,,,,0,0,2026-06-10 13:36:34,FAILED
333,https://education.fnal.gov/program/phriendly-physics-3-5-teacher-workshop/,200,Phriendly Physics 3-5 teacher workshop – Fermilab Education and Public Engagement,0333_education.fnal.gov_program_phriendly-physics-3-5-teache.html,0333_education.fnal.gov_program_phriendly-physics-3-5-teache.txt,80913,610,2026-06-10 13:36:36,SUCCESS
334,https://education.fnal.gov/program/high-school-field-trip/,200,High school physical science field trip – Fermilab Education and Public Engagement,0334_education.fnal.gov_program_high-school-field-trip.html,0334_education.fnal.gov_program_high-school-field-trip.txt,74428,792,2026-06-10 13:36:39,SUCCESS
335,https://education.fnal.gov/program/energy-and-ecosystems-field-trip/,200,"Energy and Ecosystems:  Prairie, Water, and Woods field trip – Fermilab Education and Public Engagement",0335_education.fnal.gov_program_energy-and-ecosystems-field-.html,0335_education.fnal.gov_program_energy-and-ecosystems-field-.txt,75739,1015,2026-06-10 13:36:41,SUCCESS
336,https://education.fnal.gov/program/phriendly-physics-field-trip/,200,Phriendly Physics field trip – Fermilab Education and Public Engagement,0336_education.fnal.gov_program_phriendly-physics-field-trip.html,0336_education.fnal.gov_program_phriendly-physics-field-trip.txt,80937,1017,2026-06-10 13:36:43,SUCCESS
337,https://education.fnal.gov/program/high-school-life-science-field-trip/,200,High school life science field trip – Fermilab Education and Public Engagement,0337_education.fnal.gov_program_high-school-life-science-fie.html,0337_education.fnal.gov_program_high-school-life-science-fie.txt,74558,870,2026-06-10 13:36:45,SUCCESS
338,https://education.fnal.gov/program/insects-at-work-in-our-world-field-trip/,200,Insects at Work in Our World field trip – Fermilab Education and Public Engagement,0338_education.fnal.gov_program_insects-at-work-in-our-world.html,0338_education.fnal.gov_program_insects-at-work-in-our-world.txt,74957,937,2026-06-10 13:36:47,SUCCESS
339,https://education.fnal.gov/field-trips/search,404,,,,0,0,2026-06-10 13:36:49,FAILED
340,https://education.fnal.gov/educate/teacher-workshops/,200,Teacher workshops – Fermilab Education and Public Engagement,0340_education.fnal.gov_educate_teacher-workshops.html,0340_education.fnal.gov_educate_teacher-workshops.txt,81004,793,2026-06-10 13:36:51,SUCCESS
341,https://education.fnal.gov/program/phriendly-physics/,200,Phriendly Physics: Science and Engineering K-2 teacher workshop – Fermilab Education and Public Engagement,0341_education.fnal.gov_program_phriendly-physics.html,0341_education.fnal.gov_program_phriendly-physics.txt,81513,593,2026-06-10 13:36:54,SUCCESS
342,https://education.fnal.gov/teacher-workshops/search,404,,,,0,0,2026-06-10 13:36:56,FAILED
343,https://education.fnal.gov/program/insects-at-work-workshop/,200,Insects at Work in Our World teacher workshop – Fermilab Education and Public Engagement,0343_education.fnal.gov_program_insects-at-work-workshop.html,0343_education.fnal.gov_program_insects-at-work-workshop.txt,72243,664,2026-06-10 13:36:58,SUCCESS
344,https://education.fnal.gov/program/summer-secondary-environmental-science-institute/,200,Summer Secondary Environmental Science Institute – Fermilab Education and Public Engagement,0344_education.fnal.gov_program_summer-secondary-environment.html,0344_education.fnal.gov_program_summer-secondary-environment.txt,71815,594,2026-06-10 13:37:01,SUCCESS
345,https://education.fnal.gov/program/energy-and-ecosystems/search,404,,,,0,0,2026-06-10 13:37:03,FAILED
346,https://education.fnal.gov/program/saturdaymorningphysics/search,404,,,,0,0,2026-06-10 13:37:05,FAILED
347,https://www.fnal.gov/pub/science/particle-physics/experiments/neutrinos.html,403,,,,0,0,2026-06-10 13:37:07,FAILED
348,https://education.fnal.gov/neutrinos/search,404,,,,0,0,2026-06-10 13:37:08,FAILED
349,https://education.fnal.gov/program/fermilab-center-quarknet-workshop/search,404,,,,0,0,2026-06-10 13:37:10,FAILED
350,https://news.fnal.gov/1995/03/physicists-discover-top-quark/,200,Physicists discover top quark,0350_news.fnal.gov_1995_03_physicists-discover-top-quark.html,0350_news.fnal.gov_1995_03_physicists-discover-top-quark.txt,83542,1012,2026-06-10 13:37:13,SUCCESS
351,https://news.fnal.gov/2000/07/physicists-find-first-direct-evidence-tau-neutrino-fermilab/,200,Physicists Find First Direct Evidence for Tau Neutrino at Fermilab,0351_news.fnal.gov_2000_07_physicists-find-first-direct-evid.html,0351_news.fnal.gov_2000_07_physicists-find-first-direct-evid.txt,115859,2175,2026-06-10 13:37:15,SUCCESS
352,https://education.fnal.gov/muons-and-other-fundamental-particles/search,404,,,,0,0,2026-06-10 13:37:17,FAILED
353,https://news.fnal.gov/2014/07/july-1-1977-discovery-of-the-bottom-quark/,404,,,,0,0,2026-06-10 13:37:19,FAILED
354,http://news.fnal.gov/wp-content/uploads/site-map.pdf,200,(no title),0354_news.fnal.gov_wp-content_uploads_site-map.pdf.html,0354_news.fnal.gov_wp-content_uploads_site-map.pdf.txt,7946163,187031,2026-06-10 13:37:22,SUCCESS
355,https://www.fnal.gov/pub/visiting/directions/index.html,403,,,,0,0,2026-06-10 13:37:24,FAILED
356,https://education.fnal.gov/about/directions-to-lederman-science-center/search,404,,,,0,0,2026-06-10 13:37:25,FAILED
357,https://education.fnal.gov/explore/quantum-science/search,404,,,,0,0,2026-06-10 13:37:27,FAILED
358,https://education.fnal.gov/wp-admin/post.php,403,,,,0,0,2026-06-10 13:37:29,FAILED
359,https://education.fnal.gov/about/for-employees/search,404,,,,0,0,2026-06-10 13:37:31,FAILED
360,https://education.fnal.gov/engage/makerspace/,200,MakerSpace – Fermilab Education and Public Engagement,0360_education.fnal.gov_engage_makerspace.html,0360_education.fnal.gov_engage_makerspace.txt,74224,553,2026-06-10 13:37:33,SUCCESS
361,https://education.fnal.gov/program/saturday-morning-quantum-in-chicago/search,404,,,,0,0,2026-06-10 13:37:36,FAILED
362,https://education.fnal.gov/wp-content/uploads/2025/04/SMQ_-Vocabulary-Terms-4.pdf,200,(no title),0362_education.fnal.gov_wp-content_uploads_2025_04_SMQ_-Voca.html,0362_education.fnal.gov_wp-content_uploads_2025_04_SMQ_-Voca.txt,308018,10058,2026-06-10 13:37:38,SUCCESS
363,https://education.fnal.gov/smq-spring-2026-schedule/,200,SMQ* in Chicago Spring 2026 Schedule – Fermilab Education and Public Engagement,0363_education.fnal.gov_smq-spring-2026-schedule.html,0363_education.fnal.gov_smq-spring-2026-schedule.txt,68582,521,2026-06-10 13:37:39,SUCCESS
364,https://education.fnal.gov/educate/quarknet/fermilab-quarknet-center/,200,Fermilab QuarkNet Center teacher resources – Fermilab Education and Public Engagement,0364_education.fnal.gov_educate_quarknet_fermilab-quarknet-c.html,0364_education.fnal.gov_educate_quarknet_fermilab-quarknet-c.txt,73710,632,2026-06-10 13:37:42,SUCCESS
365,https://education.fnal.gov/quarknet/search,404,,,,0,0,2026-06-10 13:37:44,FAILED
366,https://education.fnal.gov/program/visualizing-stem/,200,Visualizing STEM – Fermilab Education and Public Engagement,0366_education.fnal.gov_program_visualizing-stem.html,0366_education.fnal.gov_program_visualizing-stem.txt,82449,640,2026-06-10 13:37:46,SUCCESS
367,https://education.fnal.gov/makerspace/search,404,,,,0,0,2026-06-10 13:37:49,FAILED
368,https://education.fnal.gov/program/stem-spotlight/,200,STEM spotlight – Fermilab Education and Public Engagement,0368_education.fnal.gov_program_stem-spotlight.html,0368_education.fnal.gov_program_stem-spotlight.txt,72120,626,2026-06-10 13:37:51,SUCCESS
369,https://education.fnal.gov/cosmology/search,404,,,,0,0,2026-06-10 13:37:53,FAILED
370,https://education.fnal.gov/scoring-particles-and-expanding-outreach/search,404,,,,0,0,2026-06-10 13:37:55,FAILED
371,https://news.fnal.gov/newsroom/press-releases/,200,Press releases,0371_news.fnal.gov_newsroom_press-releases.html,0371_news.fnal.gov_newsroom_press-releases.txt,100337,984,2026-06-10 13:37:57,SUCCESS
372,https://news.fnal.gov/newsroom/press-release-sign-up/search,200,Search for hidden chambers using cosmic-ray muons – Public lecture by Mark Adams,0372_news.fnal.gov_newsroom_press-release-sign-up_search.html,0372_news.fnal.gov_newsroom_press-release-sign-up_search.txt,69441,324,2026-06-10 13:37:59,SUCCESS
373,https://www.fnal.gov/pub/visiting/hours/index.html,403,,,,0,0,2026-06-10 13:38:01,FAILED
374,https://education.fnal.gov/program/makerspace-open-lab/search,404,,,,0,0,2026-06-10 13:38:03,FAILED
375,https://news.fnal.gov/newsroom/fact-sheets-and-brochures/search,200,Search for hidden chambers using cosmic-ray muons – Public lecture by Mark Adams,0375_news.fnal.gov_newsroom_fact-sheets-and-brochures_search.html,0375_news.fnal.gov_newsroom_fact-sheets-and-brochures_search.txt,69441,324,2026-06-10 13:38:05,SUCCESS
376,https://education.fnal.gov/program/page/3/,200,Programs – Page 3 – Fermilab Education and Public Engagement,0376_education.fnal.gov_program_page_3.html,0376_education.fnal.gov_program_page_3.txt,69312,470,2026-06-10 13:38:07,SUCCESS
377,https://education.fnal.gov/program/page/2/,200,Programs – Page 2 – Fermilab Education and Public Engagement,0377_education.fnal.gov_program_page_2.html,0377_education.fnal.gov_program_page_2.txt,74202,520,2026-06-10 13:38:09,SUCCESS
378,https://education.fnal.gov/program/search,404,,,,0,0,2026-06-10 13:38:12,FAILED
379,https://news.fnal.gov/tag/ai/page/1/,200,AI Archives - News,0379_news.fnal.gov_tag_ai_page_1.html,0379_news.fnal.gov_tag_ai_page_1.txt,97313,914,2026-06-10 13:38:14,SUCCESS
380,https://news.fnal.gov/tag/monte-carlo-simulation/,200,Monte Carlo simulation Archives - News,0380_news.fnal.gov_tag_monte-carlo-simulation.html,0380_news.fnal.gov_tag_monte-carlo-simulation.txt,68990,319,2026-06-10 13:38:16,SUCCESS
381,https://news.fnal.gov/2023/06/fermilab-researcher-receives-two-prestigious-awards-in-ai-and-ml-research/,200,Fermilab researcher receives two prestigious awards in AI and ML research,0381_news.fnal.gov_2023_06_fermilab-researcher-receives-two-.html,0381_news.fnal.gov_2023_06_fermilab-researcher-receives-two-.txt,87912,1164,2026-06-10 13:38:18,SUCCESS
382,https://news.fnal.gov/tag/department-of-energy/,200,Department of Energy Archives - News,0382_news.fnal.gov_tag_department-of-energy.html,0382_news.fnal.gov_tag_department-of-energy.txt,93638,1165,2026-06-10 13:38:20,SUCCESS
383,https://news.fnal.gov/tag/ai/page/3/search,200,Search for hidden chambers using cosmic-ray muons – Public lecture by Mark Adams,0383_news.fnal.gov_tag_ai_page_3_search.html,0383_news.fnal.gov_tag_ai_page_3_search.txt,69441,324,2026-06-10 13:38:22,SUCCESS
384,https://news.fnal.gov/category/newsroom/symmetry-feature/,200,Symmetry features Archives - News,0384_news.fnal.gov_category_newsroom_symmetry-feature.html,0384_news.fnal.gov_category_newsroom_symmetry-feature.txt,89518,642,2026-06-10 13:38:25,SUCCESS
385,https://news.fnal.gov/tag/genesis-mission/search,200,Search for hidden chambers using cosmic-ray muons – Public lecture by Mark Adams,0385_news.fnal.gov_tag_genesis-mission_search.html,0385_news.fnal.gov_tag_genesis-mission_search.txt,69441,324,2026-06-10 13:38:27,SUCCESS
386,https://computing.fnal.gov/artificial-intelligence/,200,Artificial Intelligence | Computing,0386_computing.fnal.gov_artificial-intelligence.html,0386_computing.fnal.gov_artificial-intelligence.txt,53617,230,2026-06-10 13:38:29,SUCCESS
387,https://news.fnal.gov/2021/02/hl-lhc-accelerator-upgrade-project-receives-approval-to-move-full-speed-ahead-from-department-of-energy/,200,HL-LHC Accelerator Upgrade Project receives approval to move full-speed-ahead from Department of Energy,0387_news.fnal.gov_2021_02_hl-lhc-accelerator-upgrade-projec.html,0387_news.fnal.gov_2021_02_hl-lhc-accelerator-upgrade-projec.txt,98528,1721,2026-06-10 13:38:31,SUCCESS
388,https://news.fnal.gov/2025/03/new-desi-results-strengthen-hints-that-dark-energy-may-evolve/,200,New DESI results strengthen hints that dark energy may evolve,0388_news.fnal.gov_2025_03_new-desi-results-strengthen-hints.html,0388_news.fnal.gov_2025_03_new-desi-results-strengthen-hints.txt,97795,2191,2026-06-10 13:38:33,SUCCESS
389,https://news.fnal.gov/2024/12/fermilab-expecting-95-ton-coldbox-delivery/,200,Fermilab expecting 95-ton coldbox delivery,0389_news.fnal.gov_2024_12_fermilab-expecting-95-ton-coldbox.html,0389_news.fnal.gov_2024_12_fermilab-expecting-95-ton-coldbox.txt,90265,1156,2026-06-10 13:38:35,SUCCESS
390,https://news.fnal.gov/2025/12/fermilabs-accomplishments-highlight-discovery-and-innovation-in-2025/search,200,Search for hidden chambers using cosmic-ray muons – Public lecture by Mark Adams,0390_news.fnal.gov_2025_12_fermilabs-accomplishments-highlig.html,0390_news.fnal.gov_2025_12_fermilabs-accomplishments-highlig.txt,69441,324,2026-06-10 13:38:37,SUCCESS
391,https://news.fnal.gov/2025/11/fermilabs-sqms-center-funded-with-125-million-to-shape-the-future-of-quantum-information-science/,200,Fermilab’s SQMS Center funded with $125 million to shape the future of quantum information science,0391_news.fnal.gov_2025_11_fermilabs-sqms-center-funded-with.html,0391_news.fnal.gov_2025_11_fermilabs-sqms-center-funded-with.txt,98881,1831,2026-06-10 13:38:40,SUCCESS
392,https://news.fnal.gov/2025/11/energy-department-announces-partnership-with-fermilab-and-qblox-to-manufacture-foundational-quantum-control-platform-for-u-s-research-and-innovation/,200,Energy Department announces partnership with Fermilab and Qblox to manufacture foundational quantum control platform for U.S. research and innovation,0392_news.fnal.gov_2025_11_energy-department-announces-partn.html,0392_news.fnal.gov_2025_11_energy-department-announces-partn.txt,92029,1048,2026-06-10 13:38:42,SUCCESS
393,https://news.fnal.gov/2025/08/fermilab-technology-debuts-in-supercollider-dress-rehearsal-at-cern/,200,Fermilab technology debuts in supercollider dress rehearsal at CERN,0393_news.fnal.gov_2025_08_fermilab-technology-debuts-in-sup.html,0393_news.fnal.gov_2025_08_fermilab-technology-debuts-in-sup.txt,92711,1491,2026-06-10 13:38:44,SUCCESS
394,https://news.fnal.gov/2025/06/muon-g-2-most-precise-measurement-of-muon-magnetic-anomaly/,200,Muon g-2 announces most precise measurement of the magnetic anomaly of the muon,0394_news.fnal.gov_2025_06_muon-g-2-most-precise-measurement.html,0394_news.fnal.gov_2025_06_muon-g-2-most-precise-measurement.txt,100982,2074,2026-06-10 13:38:46,SUCCESS
395,https://news.fnal.gov/2025/03/desi-opens-access-to-the-largest-3d-map-of-the-universe-yet/,200,DESI opens access to the largest 3D map of the universe yet,0395_news.fnal.gov_2025_03_desi-opens-access-to-the-largest-.html,0395_news.fnal.gov_2025_03_desi-opens-access-to-the-largest-.txt,98885,2320,2026-06-10 13:38:48,SUCCESS
396,https://www.fnal.gov/pub/tevatron/tevatron-accelerator.html,403,,,,0,0,2026-06-10 13:38:50,FAILED
397,https://news.fnal.gov/2025/11/u-s-department-of-energy-launches-genesis-mission-to-transform-american-science-and-innovation-through-the-ai-computing-revolution/,200,US Department of Energy launches ‘Genesis Mission’ to transform American science and innovation through the AI computing revolution,0397_news.fnal.gov_2025_11_u-s-department-of-energy-launches.html,0397_news.fnal.gov_2025_11_u-s-department-of-energy-launches.txt,89798,1387,2026-06-10 13:38:51,SUCCESS
398,https://news.fnal.gov/2024/12/customizable-quantum-control-toolkit-developed-at-fermilab-ready-for-commercial-production/,200,Customizable quantum control toolkit developed at Fermilab ready for commercial production,0398_news.fnal.gov_2024_12_customizable-quantum-control-tool.html,0398_news.fnal.gov_2024_12_customizable-quantum-control-tool.txt,96073,1740,2026-06-10 13:38:54,SUCCESS
399,https://news.fnal.gov/tag/ai/page/2/search,200,Search for hidden chambers using cosmic-ray muons – Public lecture by Mark Adams,0399_news.fnal.gov_tag_ai_page_2_search.html,0399_news.fnal.gov_tag_ai_page_2_search.txt,69441,324,2026-06-10 13:38:56,SUCCESS
400,https://news.fnal.gov/2024/09/fermilab-researcher-kevin-pedro-wins-2024-ura-honorary-early-career-award/,200,Kevin Pedro receives 2024 URA Honorary Early Career Award,0400_news.fnal.gov_2024_09_fermilab-researcher-kevin-pedro-w.html,0400_news.fnal.gov_2024_09_fermilab-researcher-kevin-pedro-w.txt,91836,1807,2026-06-10 13:38:58,SUCCESS
401,https://news.fnal.gov/tag/ura/,200,URA Archives - News,0401_news.fnal.gov_tag_ura.html,0401_news.fnal.gov_tag_ura.txt,91983,838,2026-06-10 13:39:00,SUCCESS
402,https://news.fnal.gov/tag/physics/,200,physics Archives - News,0402_news.fnal.gov_tag_physics.html,0402_news.fnal.gov_tag_physics.txt,84242,777,2026-06-10 13:39:02,SUCCESS
403,https://news.fnal.gov/tag/des/,200,DES Archives - News,0403_news.fnal.gov_tag_des.html,0403_news.fnal.gov_tag_des.txt,87071,951,2026-06-10 13:39:04,SUCCESS
404,https://news.fnal.gov/tag/chicago-quantum-exchange/,200,Chicago Quantum Exchange Archives - News,0404_news.fnal.gov_tag_chicago-quantum-exchange.html,0404_news.fnal.gov_tag_chicago-quantum-exchange.txt,86933,1077,2026-06-10 13:39:06,SUCCESS
405,https://news.fnal.gov/tag/early-career-award/,200,Early Career Award Archives - News,0405_news.fnal.gov_tag_early-career-award.html,0405_news.fnal.gov_tag_early-career-award.txt,77986,565,2026-06-10 13:39:08,SUCCESS
406,https://news.fnal.gov/tag/research/,200,research Archives - News,0406_news.fnal.gov_tag_research.html,0406_news.fnal.gov_tag_research.txt,85312,833,2026-06-10 13:39:11,SUCCESS
407,https://news.fnal.gov/tag/ml/search,200,Search for hidden chambers using cosmic-ray muons – Public lecture by Mark Adams,0407_news.fnal.gov_tag_ml_search.html,0407_news.fnal.gov_tag_ml_search.txt,69441,324,2026-06-10 13:39:13,SUCCESS
408,https://news.fnal.gov/2025/12/norbert-holtkamp-appointed-director-of-fermi-national-accelerator-laboratory/,200,Norbert Holtkamp appointed director of Fermi National Accelerator Laboratory,0408_news.fnal.gov_2025_12_norbert-holtkamp-appointed-direct.html,0408_news.fnal.gov_2025_12_norbert-holtkamp-appointed-direct.txt,88806,1197,2026-06-10 13:39:15,SUCCESS
409,https://news.fnal.gov/2023/07/dark-srf-experiment-at-fermilab-demonstrates-ultra-sensitivity-for-dark-photon-searches/,200,Dark SRF experiment at Fermilab demonstrates ultra-sensitivity for dark photon searches,0409_news.fnal.gov_2023_07_dark-srf-experiment-at-fermilab-d.html,0409_news.fnal.gov_2023_07_dark-srf-experiment-at-fermilab-d.txt,89478,1387,2026-06-10 13:39:17,SUCCESS
410,https://news.fnal.gov/2026/04/fermilabs-new-director-clarifies-mission-and-achieves-progress-in-first-100-days/search,200,Search for hidden chambers using cosmic-ray muons – Public lecture by Mark Adams,0410_news.fnal.gov_2026_04_fermilabs-new-director-clarifies-.html,0410_news.fnal.gov_2026_04_fermilabs-new-director-clarifies-.txt,69441,324,2026-06-10 13:39:19,SUCCESS
411,https://news.fnal.gov/tag/magis-100/search,200,Search for hidden chambers using cosmic-ray muons – Public lecture by Mark Adams,0411_news.fnal.gov_tag_magis-100_search.html,0411_news.fnal.gov_tag_magis-100_search.txt,69441,324,2026-06-10 13:39:22,SUCCESS
412,https://news.fnal.gov/tag/detector-technology/,200,detector technology Archives - News,0412_news.fnal.gov_tag_detector-technology.html,0412_news.fnal.gov_tag_detector-technology.txt,84333,783,2026-06-10 13:39:24,SUCCESS
413,https://news.fnal.gov/2024/01/innovative-magis-100-quantum-experiment-at-fermilab-bolstered-by-support-from-u-k/,200,Innovative MAGIS-100 quantum experiment at Fermilab bolstered by support from U.K.,0413_news.fnal.gov_2024_01_innovative-magis-100-quantum-expe.html,0413_news.fnal.gov_2024_01_innovative-magis-100-quantum-expe.txt,90841,1327,2026-06-10 13:39:26,SUCCESS
414,https://news.fnal.gov/tag/magis-100/page/2/,200,MAGIS-100 Archives - Page 2 of 2 - News,0414_news.fnal.gov_tag_magis-100_page_2.html,0414_news.fnal.gov_tag_magis-100_page_2.txt,70132,359,2026-06-10 13:39:28,SUCCESS
415,https://news.fnal.gov/tag/gravitational-waves/,200,gravitational waves Archives - News,0415_news.fnal.gov_tag_gravitational-waves.html,0415_news.fnal.gov_tag_gravitational-waves.txt,89264,827,2026-06-10 13:39:30,SUCCESS
416,https://news.fnal.gov/tag/high-energy-physics/,200,high-energy physics Archives - News,0416_news.fnal.gov_tag_high-energy-physics.html,0416_news.fnal.gov_tag_high-energy-physics.txt,91093,860,2026-06-10 13:39:33,SUCCESS
417,https://news.fnal.gov/tag/minerva/,200,MINERvA Archives - News,0417_news.fnal.gov_tag_minerva.html,0417_news.fnal.gov_tag_minerva.txt,88570,903,2026-06-10 13:39:35,SUCCESS
418,https://news.fnal.gov/tag/nuclear-physics/,200,nuclear physics Archives - News,0418_news.fnal.gov_tag_nuclear-physics.html,0418_news.fnal.gov_tag_nuclear-physics.txt,74791,573,2026-06-10 13:39:37,SUCCESS
419,https://news.fnal.gov/tag/protodune/,200,ProtoDUNE Archives - News,0419_news.fnal.gov_tag_protodune.html,0419_news.fnal.gov_tag_protodune.txt,93186,931,2026-06-10 13:39:39,SUCCESS
420,https://news.fnal.gov/2022/12/first-dune-science-components-arrive-at-surf/,200,First DUNE science components arrive at SURF,0420_news.fnal.gov_2022_12_first-dune-science-components-arr.html,0420_news.fnal.gov_2022_12_first-dune-science-components-arr.txt,93387,1690,2026-06-10 13:39:41,SUCCESS
421,https://news.fnal.gov/tag/excavation/,200,excavation Archives - News,0421_news.fnal.gov_tag_excavation.html,0421_news.fnal.gov_tag_excavation.txt,83684,832,2026-06-10 13:39:43,SUCCESS
422,https://news.fnal.gov/tag/latin-america/,200,Latin America Archives - News,0422_news.fnal.gov_tag_latin-america.html,0422_news.fnal.gov_tag_latin-america.txt,91274,730,2026-06-10 13:39:45,SUCCESS
423,https://news.fnal.gov/tag/detector/,200,detector Archives - News,0423_news.fnal.gov_tag_detector.html,0423_news.fnal.gov_tag_detector.txt,84694,1004,2026-06-10 13:39:47,SUCCESS
424,https://news.fnal.gov/2021/05/rock-transportation-system-is-ready-for-excavation-of-dune-caverns/,200,Rock transportation system is ready for excavation of DUNE caverns,0424_news.fnal.gov_2021_05_rock-transportation-system-is-rea.html,0424_news.fnal.gov_2021_05_rock-transportation-system-is-rea.txt,93750,1641,2026-06-10 13:39:49,SUCCESS
425,https://news.fnal.gov/tag/lbnf/page/2/,200,LBNF Archives - Page 2 of 15 - News,0425_news.fnal.gov_tag_lbnf_page_2.html,0425_news.fnal.gov_tag_lbnf_page_2.txt,95887,1327,2026-06-10 13:39:51,SUCCESS
426,https://news.fnal.gov/2021/10/lbnf-dune-excavation-achieves-a-gem-of-a-milestone/,200,LBNF/DUNE excavation achieves a gem of a milestone,0426_news.fnal.gov_2021_10_lbnf-dune-excavation-achieves-a-g.html,0426_news.fnal.gov_2021_10_lbnf-dune-excavation-achieves-a-g.txt,93877,1393,2026-06-10 13:39:54,SUCCESS
427,https://news.fnal.gov/tag/lbnf/search,200,Search for hidden chambers using cosmic-ray muons – Public lecture by Mark Adams,0427_news.fnal.gov_tag_lbnf_search.html,0427_news.fnal.gov_tag_lbnf_search.txt,69441,324,2026-06-10 13:39:56,SUCCESS
428,https://news.fnal.gov/tag/long-baseline-neutrino-facility/,200,Long-Baseline Neutrino Facility Archives - News,0428_news.fnal.gov_tag_long-baseline-neutrino-facility.html,0428_news.fnal.gov_tag_long-baseline-neutrino-facility.txt,95445,1185,2026-06-10 13:39:58,SUCCESS
429,https://news.fnal.gov/tag/accelerator-operation/,200,accelerator operation Archives - News,0429_news.fnal.gov_tag_accelerator-operation.html,0429_news.fnal.gov_tag_accelerator-operation.txt,77274,506,2026-06-10 13:40:00,SUCCESS
430,https://news.fnal.gov/tag/apa/,200,APA Archives - News,0430_news.fnal.gov_tag_apa.html,0430_news.fnal.gov_tag_apa.txt,77685,478,2026-06-10 13:40:02,SUCCESS
431,https://news.fnal.gov/tag/lbnf/page/15/,200,LBNF Archives - Page 15 of 15 - News,0431_news.fnal.gov_tag_lbnf_page_15.html,0431_news.fnal.gov_tag_lbnf_page_15.txt,86166,746,2026-06-10 13:40:05,SUCCESS
432,https://news.fnal.gov/tag/sanford-underground-research-facility/,200,Sanford Underground Research Facility Archives - News,0432_news.fnal.gov_tag_sanford-underground-research-facility.html,0432_news.fnal.gov_tag_sanford-underground-research-facility.txt,98243,941,2026-06-10 13:40:06,SUCCESS
433,https://news.fnal.gov/tag/lbnf/page/3/,200,LBNF Archives - Page 3 of 15 - News,0433_news.fnal.gov_tag_lbnf_page_3.html,0433_news.fnal.gov_tag_lbnf_page_3.txt,98415,1225,2026-06-10 13:40:09,SUCCESS
434,https://news.fnal.gov/tag/surf/,200,SURF Archives - News,0434_news.fnal.gov_tag_surf.html,0434_news.fnal.gov_tag_surf.txt,83029,787,2026-06-10 13:40:11,SUCCESS
435,https://news.fnal.gov/tag/international-collaboration/,200,international collaboration Archives - News,0435_news.fnal.gov_tag_international-collaboration.html,0435_news.fnal.gov_tag_international-collaboration.txt,89138,806,2026-06-10 13:40:13,SUCCESS
436,https://news.fnal.gov/authors/caitlyn-buongiorno/,200,Caitlyn Buongiorno Archives - News,0436_news.fnal.gov_authors_caitlyn-buongiorno.html,0436_news.fnal.gov_authors_caitlyn-buongiorno.txt,95659,907,2026-06-10 13:40:15,SUCCESS
437,https://news.fnal.gov/2026/04/fermilab-researchers-develop-ai-tools-to-advance-the-future-of-particle-accelerators/search,200,Search for hidden chambers using cosmic-ray muons – Public lecture by Mark Adams,0437_news.fnal.gov_2026_04_fermilab-researchers-develop-ai-t.html,0437_news.fnal.gov_2026_04_fermilab-researchers-develop-ai-t.txt,69441,324,2026-06-10 13:40:17,SUCCESS
438,https://news.fnal.gov/tag/stfc/,200,STFC Archives - News,0438_news.fnal.gov_tag_stfc.html,0438_news.fnal.gov_tag_stfc.txt,93028,1065,2026-06-10 13:40:19,SUCCESS
439,https://news.fnal.gov/2023/12/international-science-organizations-sign-agreement-to-provide-hardware-for-the-deep-underground-neutrino-experiment/,200,International science organizations sign agreement to provide hardware for the Deep Underground Neutrino Experiment,0439_news.fnal.gov_2023_12_international-science-organizatio.html,0439_news.fnal.gov_2023_12_international-science-organizatio.txt,96410,2000,2026-06-10 13:40:21,SUCCESS
440,https://news.fnal.gov/tag/quantum-mechanics/,200,quantum mechanics Archives - News,0440_news.fnal.gov_tag_quantum-mechanics.html,0440_news.fnal.gov_tag_quantum-mechanics.txt,87503,669,2026-06-10 13:40:23,SUCCESS
441,https://news.fnal.gov/2026/02/mu2e-reaches-major-milestone-with-tracker-move/,200,Mu2e reaches major milestone with tracker move,0441_news.fnal.gov_2026_02_mu2e-reaches-major-milestone-with.html,0441_news.fnal.gov_2026_02_mu2e-reaches-major-milestone-with.txt,92484,1433,2026-06-10 13:40:26,SUCCESS
442,https://news.fnal.gov/2023/02/a-new-way-to-explore-protons-structure-with-neutrinos-yields-first-results/,200,A new way to explore proton’s structure with neutrinos yields first results,0442_news.fnal.gov_2023_02_a-new-way-to-explore-protons-stru.html,0442_news.fnal.gov_2023_02_a-new-way-to-explore-protons-stru.txt,93668,1785,2026-06-10 13:40:28,SUCCESS
443,https://news.fnal.gov/tag/unicamp/,200,UNICAMP Archives - News,0443_news.fnal.gov_tag_unicamp.html,0443_news.fnal.gov_tag_unicamp.txt,89946,824,2026-06-10 13:40:30,SUCCESS
444,https://news.fnal.gov/tag/protons/,200,protons Archives - News,0444_news.fnal.gov_tag_protons.html,0444_news.fnal.gov_tag_protons.txt,84561,869,2026-06-10 13:40:32,SUCCESS
445,https://news.fnal.gov/tag/particle-detector-technology/page/2/,200,particle detector technology Archives - Page 2 of 2 - News,0445_news.fnal.gov_tag_particle-detector-technology_page_2.html,0445_news.fnal.gov_tag_particle-detector-technology_page_2.txt,73013,516,2026-06-10 13:40:34,SUCCESS
446,https://news.fnal.gov/2026/01/containing-thousands-of-tons-of-liquid-argon-for-dune-requires-multi-layered-approach/,200,Containing thousands of tons of liquid argon for DUNE requires multi-layered approach,0446_news.fnal.gov_2026_01_containing-thousands-of-tons-of-l.html,0446_news.fnal.gov_2026_01_containing-thousands-of-tons-of-l.txt,95647,1478,2026-06-10 13:40:36,SUCCESS
447,https://news.fnal.gov/tag/stem/,200,STEM Archives - News,0447_news.fnal.gov_tag_stem.html,0447_news.fnal.gov_tag_stem.txt,84638,946,2026-06-10 13:40:38,SUCCESS
448,https://news.fnal.gov/tag/fapesp/,200,FAPESP Archives - News,0448_news.fnal.gov_tag_fapesp.html,0448_news.fnal.gov_tag_fapesp.txt,86350,846,2026-06-10 13:40:40,SUCCESS
449,https://news.fnal.gov/tag/international-engagement/,200,international engagement Archives - News,0449_news.fnal.gov_tag_international-engagement.html,0449_news.fnal.gov_tag_international-engagement.txt,100012,968,2026-06-10 13:40:42,SUCCESS
450,https://news.fnal.gov/tag/infn/,200,INFN Archives - News,0450_news.fnal.gov_tag_infn.html,0450_news.fnal.gov_tag_infn.txt,101272,883,2026-06-10 13:40:44,SUCCESS
451,https://news.fnal.gov/tag/particle-detector-technology/search,200,Search for hidden chambers using cosmic-ray muons – Public lecture by Mark Adams,0451_news.fnal.gov_tag_particle-detector-technology_search.html,0451_news.fnal.gov_tag_particle-detector-technology_search.txt,69441,324,2026-06-10 13:40:46,SUCCESS
452,https://news.fnal.gov/tag/axion/,200,axion Archives - News,0452_news.fnal.gov_tag_axion.html,0452_news.fnal.gov_tag_axion.txt,87440,937,2026-06-10 13:40:48,SUCCESS
453,https://news.fnal.gov/tag/particle-accelerator/page/3/,200,particle accelerator Archives - Page 3 of 3 - News,0453_news.fnal.gov_tag_particle-accelerator_page_3.html,0453_news.fnal.gov_tag_particle-accelerator_page_3.txt,82467,686,2026-06-10 13:40:50,SUCCESS
454,https://news.fnal.gov/tag/particles/,200,particles Archives - News,0454_news.fnal.gov_tag_particles.html,0454_news.fnal.gov_tag_particles.txt,84978,1014,2026-06-10 13:40:52,SUCCESS
455,https://news.fnal.gov/2026/03/a-minute-with-maria-barba/,200,A minute with Maria Barba,0455_news.fnal.gov_2026_03_a-minute-with-maria-barba.html,0455_news.fnal.gov_2026_03_a-minute-with-maria-barba.txt,84584,982,2026-06-10 13:40:54,SUCCESS
456,https://news.fnal.gov/tag/sustainability/,200,sustainability Archives - News,0456_news.fnal.gov_tag_sustainability.html,0456_news.fnal.gov_tag_sustainability.txt,85693,631,2026-06-10 13:40:56,SUCCESS
457,https://news.fnal.gov/tag/particle-accelerator/page/2/,200,particle accelerator Archives - Page 2 of 3 - News,0457_news.fnal.gov_tag_particle-accelerator_page_2.html,0457_news.fnal.gov_tag_particle-accelerator_page_2.txt,88797,936,2026-06-10 13:40:58,SUCCESS
458,https://news.fnal.gov/tag/particle-accelerator/search,200,Search for hidden chambers using cosmic-ray muons – Public lecture by Mark Adams,0458_news.fnal.gov_tag_particle-accelerator_search.html,0458_news.fnal.gov_tag_particle-accelerator_search.txt,69441,324,2026-06-10 13:41:00,SUCCESS
459,https://news.fnal.gov/tag/travel/,200,travel Archives - News,0459_news.fnal.gov_tag_travel.html,0459_news.fnal.gov_tag_travel.txt,69279,322,2026-06-10 13:41:02,SUCCESS
460,https://news.fnal.gov/tag/climate-change/,200,climate change Archives - News,0460_news.fnal.gov_tag_climate-change.html,0460_news.fnal.gov_tag_climate-change.txt,69433,324,2026-06-10 13:41:04,SUCCESS
461,https://news.fnal.gov/tag/p5/,200,P5 Archives - News,0461_news.fnal.gov_tag_p5.html,0461_news.fnal.gov_tag_p5.txt,85128,963,2026-06-10 13:41:06,SUCCESS
462,https://news.fnal.gov/tag/universe/,200,universe Archives - News,0462_news.fnal.gov_tag_universe.html,0462_news.fnal.gov_tag_universe.txt,84220,907,2026-06-10 13:41:08,SUCCESS
463,https://news.fnal.gov/tag/snowmass/,200,Snowmass Archives - News,0463_news.fnal.gov_tag_snowmass.html,0463_news.fnal.gov_tag_snowmass.txt,87350,830,2026-06-10 13:41:10,SUCCESS
464,https://news.fnal.gov/2024/12/construction-for-fermilabs-new-particle-accelerator-reaches-key-milestone/,200,Construction for Fermilab's new particle accelerator reaches key milestone,0464_news.fnal.gov_2024_12_construction-for-fermilabs-new-pa.html,0464_news.fnal.gov_2024_12_construction-for-fermilabs-new-pa.txt,90416,1175,2026-06-10 13:41:12,SUCCESS
465,https://news.fnal.gov/tag/pip-ii/search,200,Search for hidden chambers using cosmic-ray muons – Public lecture by Mark Adams,0465_news.fnal.gov_tag_pip-ii_search.html,0465_news.fnal.gov_tag_pip-ii_search.txt,69441,324,2026-06-10 13:41:14,SUCCESS
466,https://news.fnal.gov/tag/accelerator-technology/,200,accelerator technology Archives - News,0466_news.fnal.gov_tag_accelerator-technology.html,0466_news.fnal.gov_tag_accelerator-technology.txt,85754,856,2026-06-10 13:41:17,SUCCESS
467,https://news.fnal.gov/tag/pip-ii/page/2/,200,PIP-II Archives - Page 2 of 9 - News,0467_news.fnal.gov_tag_pip-ii_page_2.html,0467_news.fnal.gov_tag_pip-ii_page_2.txt,89042,903,2026-06-10 13:41:19,SUCCESS
468,https://news.fnal.gov/tag/magnets/,200,Magnets Archives - News,0468_news.fnal.gov_tag_magnets.html,0468_news.fnal.gov_tag_magnets.txt,71511,460,2026-06-10 13:41:21,SUCCESS
469,https://news.fnal.gov/2025/04/cristian-boffo-appointed-director-of-fermilabs-particle-accelerator-upgrade-project/,200,Cristian Boffo appointed director of Fermilab’s particle accelerator upgrade project,0469_news.fnal.gov_2025_04_cristian-boffo-appointed-director.html,0469_news.fnal.gov_2025_04_cristian-boffo-appointed-director.txt,87766,1000,2026-06-10 13:41:23,SUCCESS
470,https://news.fnal.gov/tag/pip-ii/page/3/,200,PIP-II Archives - Page 3 of 9 - News,0470_news.fnal.gov_tag_pip-ii_page_3.html,0470_news.fnal.gov_tag_pip-ii_page_3.txt,94181,786,2026-06-10 13:41:24,SUCCESS
471,https://news.fnal.gov/tag/technology/,200,technology Archives - News,0471_news.fnal.gov_tag_technology.html,0471_news.fnal.gov_tag_technology.txt,90436,792,2026-06-10 13:41:27,SUCCESS
472,https://news.fnal.gov/tag/pip-ii/page/9/,200,PIP-II Archives - Page 9 of 9 - News,0472_news.fnal.gov_tag_pip-ii_page_9.html,0472_news.fnal.gov_tag_pip-ii_page_9.txt,88039,650,2026-06-10 13:41:29,SUCCESS
473,https://news.fnal.gov/tag/accelerator-complex/,200,accelerator complex Archives - News,0473_news.fnal.gov_tag_accelerator-complex.html,0473_news.fnal.gov_tag_accelerator-complex.txt,92976,836,2026-06-10 13:41:30,SUCCESS
474,https://news.fnal.gov/tag/genesis-misson/search,200,Search for hidden chambers using cosmic-ray muons – Public lecture by Mark Adams,0474_news.fnal.gov_tag_genesis-misson_search.html,0474_news.fnal.gov_tag_genesis-misson_search.txt,69441,324,2026-06-10 13:41:33,SUCCESS
475,https://news.fnal.gov/2026/04/early-career-award-recipient-aleksandra-ciprijanovic-aims-to-create-universal-ai-analysis-framework/search,200,Search for hidden chambers using cosmic-ray muons – Public lecture by Mark Adams,0475_news.fnal.gov_2026_04_early-career-award-recipient-alek.html,0475_news.fnal.gov_2026_04_early-career-award-recipient-alek.txt,69441,324,2026-06-10 13:41:35,SUCCESS
476,https://news.fnal.gov/tag/collaboration/search,200,Search for hidden chambers using cosmic-ray muons – Public lecture by Mark Adams,0476_news.fnal.gov_tag_collaboration_search.html,0476_news.fnal.gov_tag_collaboration_search.txt,69441,324,2026-06-10 13:41:37,SUCCESS
477,https://news.fnal.gov/2026/02/hilumi-lhc-full-scale-tests-start/,200,HiLumi LHC: full-scale tests start,0477_news.fnal.gov_2026_02_hilumi-lhc-full-scale-tests-start.html,0477_news.fnal.gov_2026_02_hilumi-lhc-full-scale-tests-start.txt,87035,1355,2026-06-10 13:41:39,SUCCESS
478,https://news.fnal.gov/tag/collaboration/page/2/,200,collaboration Archives - Page 2 of 11 - News,0478_news.fnal.gov_tag_collaboration_page_2.html,0478_news.fnal.gov_tag_collaboration_page_2.txt,85794,839,2026-06-10 13:41:41,SUCCESS
479,https://news.fnal.gov/tag/collaboration/page/3/,200,collaboration Archives - Page 3 of 11 - News,0479_news.fnal.gov_tag_collaboration_page_3.html,0479_news.fnal.gov_tag_collaboration_page_3.txt,86790,997,2026-06-10 13:41:44,SUCCESS
480,https://news.fnal.gov/tag/collaboration/page/11/,200,collaboration Archives - Page 11 of 11 - News,0480_news.fnal.gov_tag_collaboration_page_11.html,0480_news.fnal.gov_tag_collaboration_page_11.txt,83419,721,2026-06-10 13:41:45,SUCCESS
481,https://news.fnal.gov/tag/accelerator-magnets/,200,accelerator magnets Archives - News,0481_news.fnal.gov_tag_accelerator-magnets.html,0481_news.fnal.gov_tag_accelerator-magnets.txt,75118,544,2026-06-10 13:41:48,SUCCESS
482,https://news.fnal.gov/2024/03/fermilab-researchers-receive-doe-funding-to-advance-emerging-technologies-for-future-industries/,200,Fermilab researchers receive DOE funding to advance emerging technologies for future industries,0482_news.fnal.gov_2024_03_fermilab-researchers-receive-doe-.html,0482_news.fnal.gov_2024_03_fermilab-researchers-receive-doe-.txt,98122,1710,2026-06-10 13:41:50,SUCCESS
483,https://news.fnal.gov/tag/photon-detector/,200,photon detector Archives - News,0483_news.fnal.gov_tag_photon-detector.html,0483_news.fnal.gov_tag_photon-detector.txt,69737,336,2026-06-10 13:41:52,SUCCESS
484,https://news.fnal.gov/2025/08/a-minute-with-troy-england/,200,A minute with Troy England,0484_news.fnal.gov_2025_08_a-minute-with-troy-england.html,0484_news.fnal.gov_2025_08_a-minute-with-troy-england.txt,86760,1301,2026-06-10 13:41:54,SUCCESS
485,https://news.fnal.gov/tag/microelectronics/page/2/,200,microelectronics Archives - Page 2 of 2 - News,0485_news.fnal.gov_tag_microelectronics_page_2.html,0485_news.fnal.gov_tag_microelectronics_page_2.txt,69998,328,2026-06-10 13:41:56,SUCCESS
486,https://news.fnal.gov/2023/08/fermilab-joined-national-effort-to-increase-efficiency-in-microelectronics/,200,Fermilab joined national effort to increase efficiency in microelectronics,0486_news.fnal.gov_2023_08_fermilab-joined-national-effort-t.html,0486_news.fnal.gov_2023_08_fermilab-joined-national-effort-t.txt,88226,1195,2026-06-10 13:41:58,SUCCESS
487,https://news.fnal.gov/tag/energy-efficiency/,200,energy efficiency Archives - News,0487_news.fnal.gov_tag_energy-efficiency.html,0487_news.fnal.gov_tag_energy-efficiency.txt,71585,353,2026-06-10 13:42:00,SUCCESS
488,https://news.fnal.gov/tag/compact-accelerator/,200,compact accelerator Archives - News,0488_news.fnal.gov_tag_compact-accelerator.html,0488_news.fnal.gov_tag_compact-accelerator.txt,74875,467,2026-06-10 13:42:02,SUCCESS
489,https://news.fnal.gov/tag/detectors/,200,detectors Archives - News,0489_news.fnal.gov_tag_detectors.html,0489_news.fnal.gov_tag_detectors.txt,68619,330,2026-06-10 13:42:04,SUCCESS
490,https://news.fnal.gov/tag/microelectronics/search,200,Search for hidden chambers using cosmic-ray muons – Public lecture by Mark Adams,0490_news.fnal.gov_tag_microelectronics_search.html,0490_news.fnal.gov_tag_microelectronics_search.txt,69441,324,2026-06-10 13:42:06,SUCCESS
491,https://news.fnal.gov/2025/01/fermilab-researchers-receive-department-of-energy-funding-for-microelectronics-research/,200,Fermilab researchers receive Department of Energy funding for microelectronics research,0491_news.fnal.gov_2025_01_fermilab-researchers-receive-depa.html,0491_news.fnal.gov_2025_01_fermilab-researchers-receive-depa.txt,91703,1190,2026-06-10 13:42:08,SUCCESS
492,https://news.fnal.gov/2023/07/fermilab-led-microelectronics-codesign-team-works-to-develop-a-cutting-edge-particle-detector/,200,Fermilab-led microelectronics codesign team works to develop a cutting-edge particle detector,0492_news.fnal.gov_2023_07_fermilab-led-microelectronics-cod.html,0492_news.fnal.gov_2023_07_fermilab-led-microelectronics-cod.txt,95105,2189,2026-06-10 13:42:10,SUCCESS
493,https://news.fnal.gov/tag/funding/,200,funding Archives - News,0493_news.fnal.gov_tag_funding.html,0493_news.fnal.gov_tag_funding.txt,89747,1015,2026-06-10 13:42:12,SUCCESS
494,https://news.fnal.gov/tag/people/,200,people Archives - News,0494_news.fnal.gov_tag_people.html,0494_news.fnal.gov_tag_people.txt,90776,748,2026-06-10 13:42:14,SUCCESS
495,https://news.fnal.gov/tag/big-data/,200,big data Archives - News,0495_news.fnal.gov_tag_big-data.html,0495_news.fnal.gov_tag_big-data.txt,91231,854,2026-06-10 13:42:16,SUCCESS
496,https://news.fnal.gov/tag/artificial-intelligence/page/2/,200,artificial intelligence Archives - Page 2 of 2 - News,0496_news.fnal.gov_tag_artificial-intelligence_page_2.html,0496_news.fnal.gov_tag_artificial-intelligence_page_2.txt,89899,1009,2026-06-10 13:42:18,SUCCESS
497,https://news.fnal.gov/2021/06/a-minute-with-aleksandra-ciprijanovic-astrophysicist/,200,"A minute with Aleksandra Ćiprijanović, astrophysicist",0497_news.fnal.gov_2021_06_a-minute-with-aleksandra-ciprijan.html,0497_news.fnal.gov_2021_06_a-minute-with-aleksandra-ciprijan.txt,90717,1375,2026-06-10 13:42:20,SUCCESS
498,https://news.fnal.gov/tag/spectrogram/,200,spectrogram Archives - News,0498_news.fnal.gov_tag_spectrogram.html,0498_news.fnal.gov_tag_spectrogram.txt,67693,336,2026-06-10 13:42:22,SUCCESS
499,https://news.fnal.gov/tag/artificial-intelligence/search,200,Search for hidden chambers using cosmic-ray muons – Public lecture by Mark Adams,0499_news.fnal.gov_tag_artificial-intelligence_search.html,0499_news.fnal.gov_tag_artificial-intelligence_search.txt,69441,324,2026-06-10 13:42:24,SUCCESS
500,https://news.fnal.gov/tag/astronomy/,200,astronomy Archives - News,0500_news.fnal.gov_tag_astronomy.html,0500_news.fnal.gov_tag_astronomy.txt,86728,829,2026-06-10 13:42:26,SUCCESS
501,https://news.fnal.gov/tag/mu2e/search,200,Search for hidden chambers using cosmic-ray muons – Public lecture by Mark Adams,0501_news.fnal.gov_tag_mu2e_search.html,0501_news.fnal.gov_tag_mu2e_search.txt,69441,324,2026-06-10 13:42:29,SUCCESS
502,https://news.fnal.gov/tag/electron/,200,electron Archives - News,0502_news.fnal.gov_tag_electron.html,0502_news.fnal.gov_tag_electron.txt,73874,521,2026-06-10 13:42:31,SUCCESS
503,https://news.fnal.gov/tag/main-injector/,200,Main Injector Archives - News,0503_news.fnal.gov_tag_main-injector.html,0503_news.fnal.gov_tag_main-injector.txt,77547,516,2026-06-10 13:42:33,SUCCESS
504,https://news.fnal.gov/2023/05/stefano-miscetti-elected-as-mu2e-co-spokesperson/,200,Stefano Miscetti elected as Mu2e co-spokesperson,0504_news.fnal.gov_2023_05_stefano-miscetti-elected-as-mu2e-.html,0504_news.fnal.gov_2023_05_stefano-miscetti-elected-as-mu2e-.txt,87819,1161,2026-06-10 13:42:36,SUCCESS
505,https://news.fnal.gov/tag/spokesperson/,200,spokesperson Archives - News,0505_news.fnal.gov_tag_spokesperson.html,0505_news.fnal.gov_tag_spokesperson.txt,81648,529,2026-06-10 13:42:39,SUCCESS
506,https://news.fnal.gov/tag/lepton/,200,lepton Archives - News,0506_news.fnal.gov_tag_lepton.html,0506_news.fnal.gov_tag_lepton.txt,72488,443,2026-06-10 13:42:41,SUCCESS
507,https://news.fnal.gov/2021/01/fermilab-receives-doe-funding-to-develop-machine-learning-for-particle-accelerators/,200,Fermilab receives DOE funding to develop machine learning for particle accelerators,0507_news.fnal.gov_2021_01_fermilab-receives-doe-funding-to-.html,0507_news.fnal.gov_2021_01_fermilab-receives-doe-funding-to-.txt,97513,1947,2026-06-10 13:42:44,SUCCESS
508,https://news.fnal.gov/tag/main-control-room/,200,Main Control Room Archives - News,0508_news.fnal.gov_tag_main-control-room.html,0508_news.fnal.gov_tag_main-control-room.txt,71096,358,2026-06-10 13:42:46,SUCCESS
509,https://news.fnal.gov/tag/mu2e/page/2/,200,Mu2e Archives - Page 2 of 3 - News,0509_news.fnal.gov_tag_mu2e_page_2.html,0509_news.fnal.gov_tag_mu2e_page_2.txt,93898,849,2026-06-10 13:42:48,SUCCESS
510,https://news.fnal.gov/tag/mu2e/page/3/,200,Mu2e Archives - Page 3 of 3 - News,0510_news.fnal.gov_tag_mu2e_page_3.html,0510_news.fnal.gov_tag_mu2e_page_3.txt,71899,376,2026-06-10 13:42:51,SUCCESS
511,https://news.fnal.gov/tag/electrons/,200,electrons Archives - News,0511_news.fnal.gov_tag_electrons.html,0511_news.fnal.gov_tag_electrons.txt,86706,905,2026-06-10 13:42:53,SUCCESS
512,https://news.fnal.gov/2022/03/straws-crystals-and-the-quest-for-new-subatomic-physics/,200,"Straws, crystals and the quest for new subatomic physics",0512_news.fnal.gov_2022_03_straws-crystals-and-the-quest-for.html,0512_news.fnal.gov_2022_03_straws-crystals-and-the-quest-for.txt,97234,1991,2026-06-10 13:42:55,SUCCESS
513,https://news.fnal.gov/tag/energy/,200,energy Archives - News,0513_news.fnal.gov_tag_energy.html,0513_news.fnal.gov_tag_energy.txt,81572,762,2026-06-10 13:42:58,SUCCESS
514,https://news.fnal.gov/tag/dark-energy/page/3/,200,dark energy Archives - Page 3 of 10 - News,0514_news.fnal.gov_tag_dark-energy_page_3.html,0514_news.fnal.gov_tag_dark-energy_page_3.txt,88394,972,2026-06-10 13:43:00,SUCCESS
515,https://news.fnal.gov/tag/dark-energy/page/10/,200,dark energy Archives - Page 10 of 10 - News,0515_news.fnal.gov_tag_dark-energy_page_10.html,0515_news.fnal.gov_tag_dark-energy_page_10.txt,93887,899,2026-06-10 13:43:04,SUCCESS
516,https://news.fnal.gov/tag/dark-energy-camera/,200,Dark Energy Camera Archives - News,0516_news.fnal.gov_tag_dark-energy-camera.html,0516_news.fnal.gov_tag_dark-energy-camera.txt,90021,999,2026-06-10 13:43:07,SUCCESS
517,https://news.fnal.gov/tag/dark-energy/page/2/,200,dark energy Archives - Page 2 of 10 - News,0517_news.fnal.gov_tag_dark-energy_page_2.html,0517_news.fnal.gov_tag_dark-energy_page_2.txt,91406,916,2026-06-10 13:43:09,SUCCESS
518,https://news.fnal.gov/tag/dark-energy/search,200,Search for hidden chambers using cosmic-ray muons – Public lecture by Mark Adams,0518_news.fnal.gov_tag_dark-energy_search.html,0518_news.fnal.gov_tag_dark-energy_search.txt,69441,324,2026-06-10 13:43:11,SUCCESS
519,https://news.fnal.gov/tag/neutron-star/,200,neutron star Archives - News,0519_news.fnal.gov_tag_neutron-star.html,0519_news.fnal.gov_tag_neutron-star.txt,69669,425,2026-06-10 13:43:13,SUCCESS
520,https://news.fnal.gov/tag/nova/page/3/,200,NOvA Archives - Page 3 of 6 - News,0520_news.fnal.gov_tag_nova_page_3.html,0520_news.fnal.gov_tag_nova_page_3.txt,90663,1052,2026-06-10 13:43:15,SUCCESS
521,https://news.fnal.gov/tag/sterile-neutrino/,200,sterile neutrino Archives - News,0521_news.fnal.gov_tag_sterile-neutrino.html,0521_news.fnal.gov_tag_sterile-neutrino.txt,86346,779,2026-06-10 13:43:17,SUCCESS
522,https://news.fnal.gov/2024/06/new-nova-results-add-to-mystery-of-neutrinos/,200,New NOvA results add to mystery of neutrinos,0522_news.fnal.gov_2024_06_new-nova-results-add-to-mystery-o.html,0522_news.fnal.gov_2024_06_new-nova-results-add-to-mystery-o.txt,92691,1451,2026-06-10 13:43:19,SUCCESS
523,https://news.fnal.gov/tag/nova/search,200,Search for hidden chambers using cosmic-ray muons – Public lecture by Mark Adams,0523_news.fnal.gov_tag_nova_search.html,0523_news.fnal.gov_tag_nova_search.txt,69441,324,2026-06-10 13:43:21,SUCCESS
524,https://news.fnal.gov/tag/neutrino-oscillation/,200,neutrino oscillation Archives - News,0524_news.fnal.gov_tag_neutrino-oscillation.html,0524_news.fnal.gov_tag_neutrino-oscillation.txt,73908,520,2026-06-10 13:43:23,SUCCESS
525,https://news.fnal.gov/tag/nova/page/2/,200,NOvA Archives - Page 2 of 6 - News,0525_news.fnal.gov_tag_nova_page_2.html,0525_news.fnal.gov_tag_nova_page_2.txt,91823,998,2026-06-10 13:43:26,SUCCESS
526,https://news.fnal.gov/2024/12/double-the-data-neutrino-hunters-nearing-long-sought-answer-in-fundamental-physics/,200,Double the data: neutrino hunters nearing long-sought answer in fundamental physics,0526_news.fnal.gov_2024_12_double-the-data-neutrino-hunters-.html,0526_news.fnal.gov_2024_12_double-the-data-neutrino-hunters-.txt,80107,536,2026-06-10 13:43:27,SUCCESS
527,https://news.fnal.gov/tag/nova/page/6/,200,NOvA Archives - Page 6 of 6 - News,0527_news.fnal.gov_tag_nova_page_6.html,0527_news.fnal.gov_tag_nova_page_6.txt,84668,627,2026-06-10 13:43:29,SUCCESS
528,https://news.fnal.gov/tag/result/,200,result Archives - News,0528_news.fnal.gov_tag_result.html,0528_news.fnal.gov_tag_result.txt,99170,1030,2026-06-10 13:43:31,SUCCESS
529,https://news.fnal.gov/2021/09/doe-invests-13-7-million-for-research-in-data-reduction-for-science/,200,DOE invests $13.7 million for research in data reduction for science,0529_news.fnal.gov_2021_09_doe-invests-13-7-million-for-rese.html,0529_news.fnal.gov_2021_09_doe-invests-13-7-million-for-rese.txt,87844,1112,2026-06-10 13:43:33,SUCCESS
530,https://news.fnal.gov/tag/tevatron/,200,Tevatron Archives - News,0530_news.fnal.gov_tag_tevatron.html,0530_news.fnal.gov_tag_tevatron.txt,88008,937,2026-06-10 13:43:35,SUCCESS
531,https://news.fnal.gov/tag/computing/page/3/,200,computing Archives - Page 3 of 8 - News,0531_news.fnal.gov_tag_computing_page_3.html,0531_news.fnal.gov_tag_computing_page_3.txt,90324,1000,2026-06-10 13:43:37,SUCCESS
532,https://news.fnal.gov/tag/quantum-internet/,200,quantum internet Archives - News,0532_news.fnal.gov_tag_quantum-internet.html,0532_news.fnal.gov_tag_quantum-internet.txt,89872,1013,2026-06-10 13:43:40,SUCCESS
533,https://news.fnal.gov/tag/data/,200,data Archives - News,0533_news.fnal.gov_tag_data.html,0533_news.fnal.gov_tag_data.txt,76374,515,2026-06-10 13:43:42,SUCCESS
534,https://news.fnal.gov/tag/quantum-entanglement/,200,quantum entanglement Archives - News,0534_news.fnal.gov_tag_quantum-entanglement.html,0534_news.fnal.gov_tag_quantum-entanglement.txt,82572,546,2026-06-10 13:43:43,SUCCESS
535,https://news.fnal.gov/tag/qcd/,200,QCD Archives - News,0535_news.fnal.gov_tag_qcd.html,0535_news.fnal.gov_tag_qcd.txt,72797,457,2026-06-10 13:43:45,SUCCESS
536,https://news.fnal.gov/2022/11/a-minute-with-sajid-ali-syed-computational-science-and-ai-research-associate/,200,"A minute with Sajid Ali Syed, computational science and AI research associate",0536_news.fnal.gov_2022_11_a-minute-with-sajid-ali-syed-comp.html,0536_news.fnal.gov_2022_11_a-minute-with-sajid-ali-syed-comp.txt,88441,1126,2026-06-10 13:43:47,SUCCESS
537,https://news.fnal.gov/2021/02/coffea-speeds-up-particle-physics-data-analysis/,200,Coffea speeds up particle physics data analysis,0537_news.fnal.gov_2021_02_coffea-speeds-up-particle-physics.html,0537_news.fnal.gov_2021_02_coffea-speeds-up-particle-physics.txt,91430,1690,2026-06-10 13:43:50,SUCCESS
538,https://news.fnal.gov/tag/computing/page/8/,200,computing Archives - Page 8 of 8 - News,0538_news.fnal.gov_tag_computing_page_8.html,0538_news.fnal.gov_tag_computing_page_8.txt,77983,620,2026-06-10 13:43:52,SUCCESS
539,https://news.fnal.gov/tag/fermilab/,200,Fermilab Archives - News,0539_news.fnal.gov_tag_fermilab.html,0539_news.fnal.gov_tag_fermilab.txt,78274,620,2026-06-10 13:43:54,SUCCESS
540,https://news.fnal.gov/tag/science-and-technology-facilities-council/,200,Science and Technology Facilities Council Archives - News,0540_news.fnal.gov_tag_science-and-technology-facilities-cou.html,0540_news.fnal.gov_tag_science-and-technology-facilities-cou.txt,76775,534,2026-06-10 13:43:56,SUCCESS
541,https://news.fnal.gov/2021/07/how-physics-explores-the-worlds-unanswered-questions/,200,How physics explores the world’s unanswered questions,0541_news.fnal.gov_2021_07_how-physics-explores-the-worlds-u.html,0541_news.fnal.gov_2021_07_how-physics-explores-the-worlds-u.txt,79522,488,2026-06-10 13:43:59,SUCCESS
542,https://news.fnal.gov/tag/united-kingdom/,200,United Kingdom Archives - News,0542_news.fnal.gov_tag_united-kingdom.html,0542_news.fnal.gov_tag_united-kingdom.txt,95227,1148,2026-06-10 13:44:00,SUCCESS
543,https://news.fnal.gov/tag/computing/search,200,Search for hidden chambers using cosmic-ray muons – Public lecture by Mark Adams,0543_news.fnal.gov_tag_computing_search.html,0543_news.fnal.gov_tag_computing_search.txt,69441,324,2026-06-10 13:44:02,SUCCESS
544,https://news.fnal.gov/tag/computing/page/2/,200,computing Archives - Page 2 of 8 - News,0544_news.fnal.gov_tag_computing_page_2.html,0544_news.fnal.gov_tag_computing_page_2.txt,93065,1134,2026-06-10 13:44:05,SUCCESS
545,https://news.fnal.gov/2026/01/fermilab-and-unicamp-enter-next-phase-of-collaboration-on-argon-purification-for-dune/,200,Fermilab and UNICAMP enter next phase of collaboration on argon purification for DUNE,0545_news.fnal.gov_2026_01_fermilab-and-unicamp-enter-next-p.html,0545_news.fnal.gov_2026_01_fermilab-and-unicamp-enter-next-p.txt,91972,1306,2026-06-10 13:44:07,SUCCESS
546,https://news.fnal.gov/tag/brazil/,200,Brazil Archives - News,0546_news.fnal.gov_tag_brazil.html,0546_news.fnal.gov_tag_brazil.txt,95328,1079,2026-06-10 13:44:09,SUCCESS
547,https://news.fnal.gov/2025/06/argonne-and-fermilab-receive-3-2m-in-federal-funding-for-nuclear-transmutation-technology/,200,Argonne and Fermilab receive $3.2M in federal funding for nuclear transmutation technology,0547_news.fnal.gov_2025_06_argonne-and-fermilab-receive-3-2m.html,0547_news.fnal.gov_2025_06_argonne-and-fermilab-receive-3-2m.txt,95034,1939,2026-06-10 13:44:11,SUCCESS
548,https://news.fnal.gov/tag/srf-cavities/,200,SRF cavities Archives - News,0548_news.fnal.gov_tag_srf-cavities.html,0548_news.fnal.gov_tag_srf-cavities.txt,70600,394,2026-06-10 13:44:13,SUCCESS
549,https://news.fnal.gov/tag/cryogenics/search,200,Search for hidden chambers using cosmic-ray muons – Public lecture by Mark Adams,0549_news.fnal.gov_tag_cryogenics_search.html,0549_news.fnal.gov_tag_cryogenics_search.txt,69441,324,2026-06-10 13:44:15,SUCCESS
550,https://news.fnal.gov/tag/nuclear-energy/,200,nuclear energy Archives - News,0550_news.fnal.gov_tag_nuclear-energy.html,0550_news.fnal.gov_tag_nuclear-energy.txt,69790,336,2026-06-10 13:44:18,SUCCESS
551,https://news.fnal.gov/tag/cryogenics/page/2/,200,cryogenics Archives - Page 2 of 3 - News,0551_news.fnal.gov_tag_cryogenics_page_2.html,0551_news.fnal.gov_tag_cryogenics_page_2.txt,89690,900,2026-06-10 13:44:20,SUCCESS
552,https://news.fnal.gov/2026/02/keeping-liquid-argon-chilled-underground-is-one-of-dunes-coolest-challenges/,200,Keeping liquid argon chilled underground is one of DUNE’s coolest challenges,0552_news.fnal.gov_2026_02_keeping-liquid-argon-chilled-unde.html,0552_news.fnal.gov_2026_02_keeping-liquid-argon-chilled-unde.txt,96597,1667,2026-06-10 13:44:22,SUCCESS
553,https://news.fnal.gov/tag/cryogenics/page/3/,200,cryogenics Archives - Page 3 of 3 - News,0553_news.fnal.gov_tag_cryogenics_page_3.html,0553_news.fnal.gov_tag_cryogenics_page_3.txt,68187,323,2026-06-10 13:44:24,SUCCESS
554,https://news.fnal.gov/tag/emerging-technologies/page/3/,200,emerging technologies Archives - Page 3 of 6 - News,0554_news.fnal.gov_tag_emerging-technologies_page_3.html,0554_news.fnal.gov_tag_emerging-technologies_page_3.txt,91954,833,2026-06-10 13:44:26,SUCCESS
555,https://news.fnal.gov/tag/emerging-technologies/page/2/,200,emerging technologies Archives - Page 2 of 6 - News,0555_news.fnal.gov_tag_emerging-technologies_page_2.html,0555_news.fnal.gov_tag_emerging-technologies_page_2.txt,92285,846,2026-06-10 13:44:28,SUCCESS
556,https://news.fnal.gov/tag/emerging-technologies/search,200,Search for hidden chambers using cosmic-ray muons – Public lecture by Mark Adams,0556_news.fnal.gov_tag_emerging-technologies_search.html,0556_news.fnal.gov_tag_emerging-technologies_search.txt,69441,324,2026-06-10 13:44:30,SUCCESS
557,https://news.fnal.gov/tag/quantum-sensor/,200,quantum sensor Archives - News,0557_news.fnal.gov_tag_quantum-sensor.html,0557_news.fnal.gov_tag_quantum-sensor.txt,89973,912,2026-06-10 13:44:32,SUCCESS
558,https://news.fnal.gov/2026/03/scientists-head-underground-to-measure-effects-of-gamma-rays-on-superconducting-qubits/,200,Scientists head underground to measure effects of gamma rays on superconducting qubits,0558_news.fnal.gov_2026_03_scientists-head-underground-to-me.html,0558_news.fnal.gov_2026_03_scientists-head-underground-to-me.txt,93670,1554,2026-06-10 13:44:34,SUCCESS
559,https://news.fnal.gov/tag/photon-detectors/,200,photon detectors Archives - News,0559_news.fnal.gov_tag_photon-detectors.html,0559_news.fnal.gov_tag_photon-detectors.txt,67585,331,2026-06-10 13:44:36,SUCCESS
560,https://news.fnal.gov/tag/emerging-technologies/page/6/,200,emerging technologies Archives - Page 6 of 6 - News,0560_news.fnal.gov_tag_emerging-technologies_page_6.html,0560_news.fnal.gov_tag_emerging-technologies_page_6.txt,94033,815,2026-06-10 13:44:38,SUCCESS
561,https://news.fnal.gov/tag/astrophysics/page/19/,200,astrophysics Archives - Page 19 of 19 - News,0561_news.fnal.gov_tag_astrophysics_page_19.html,0561_news.fnal.gov_tag_astrophysics_page_19.txt,81289,754,2026-06-10 13:44:40,SUCCESS
562,https://news.fnal.gov/2023/11/fermilab-astrophysicist-receives-2023-doe-early-career-research-award-to-build-more-sensitive-detectors-to-observe-distant-galaxies/,200,Fermilab astrophysicist receives 2023 DOE Early Career Research award to build more sensitive detectors to observe distant galaxies,0562_news.fnal.gov_2023_11_fermilab-astrophysicist-receives-.html,0562_news.fnal.gov_2023_11_fermilab-astrophysicist-receives-.txt,91511,1473,2026-06-10 13:44:42,SUCCESS
563,https://news.fnal.gov/tag/gamma-ray/,200,gamma ray Archives - News,0563_news.fnal.gov_tag_gamma-ray.html,0563_news.fnal.gov_tag_gamma-ray.txt,85493,720,2026-06-10 13:44:44,SUCCESS
564,https://news.fnal.gov/2026/02/american-physical-society-recognizes-fermilab-scientists/,200,American Physical Society recognizes Fermilab scientists,0564_news.fnal.gov_2026_02_american-physical-society-recogni.html,0564_news.fnal.gov_2026_02_american-physical-society-recogni.txt,97830,1040,2026-06-10 13:44:46,SUCCESS
565,https://news.fnal.gov/tag/quantum-chromodynamics/,200,quantum chromodynamics Archives - News,0565_news.fnal.gov_tag_quantum-chromodynamics.html,0565_news.fnal.gov_tag_quantum-chromodynamics.txt,82685,652,2026-06-10 13:44:48,SUCCESS
566,https://news.fnal.gov/tag/siena-galaxy-atlas/,200,Siena Galaxy Atlas Archives - News,0566_news.fnal.gov_tag_siena-galaxy-atlas.html,0566_news.fnal.gov_tag_siena-galaxy-atlas.txt,69288,332,2026-06-10 13:44:50,SUCCESS
567,https://news.fnal.gov/tag/baryon/,200,baryon Archives - News,0567_news.fnal.gov_tag_baryon.html,0567_news.fnal.gov_tag_baryon.txt,69264,311,2026-06-10 13:44:52,SUCCESS
568,https://news.fnal.gov/tag/astrophysics/page/2/,200,astrophysics Archives - Page 2 of 19 - News,0568_news.fnal.gov_tag_astrophysics_page_2.html,0568_news.fnal.gov_tag_astrophysics_page_2.txt,95652,878,2026-06-10 13:44:55,SUCCESS
569,https://news.fnal.gov/tag/astrophysics/search,200,Search for hidden chambers using cosmic-ray muons – Public lecture by Mark Adams,0569_news.fnal.gov_tag_astrophysics_search.html,0569_news.fnal.gov_tag_astrophysics_search.txt,69441,324,2026-06-10 13:44:56,SUCCESS
570,https://news.fnal.gov/2024/12/ten-ways-fermilab-advanced-science-and-technology-in-2024/,200,Ten ways Fermilab advanced science and technology in 2024,0570_news.fnal.gov_2024_12_ten-ways-fermilab-advanced-scienc.html,0570_news.fnal.gov_2024_12_ten-ways-fermilab-advanced-scienc.txt,128734,3469,2026-06-10 13:44:59,SUCCESS
571,https://news.fnal.gov/tag/cmb/,200,CMB Archives - News,0571_news.fnal.gov_tag_cmb.html,0571_news.fnal.gov_tag_cmb.txt,76395,426,2026-06-10 13:45:01,SUCCESS
572,https://news.fnal.gov/tag/astrophysics/page/3/,200,astrophysics Archives - Page 3 of 19 - News,0572_news.fnal.gov_tag_astrophysics_page_3.html,0572_news.fnal.gov_tag_astrophysics_page_3.txt,94144,1139,2026-06-10 13:45:03,SUCCESS
573,https://news.fnal.gov/tag/galaxies/,200,galaxies Archives - News,0573_news.fnal.gov_tag_galaxies.html,0573_news.fnal.gov_tag_galaxies.txt,71682,373,2026-06-10 13:45:05,SUCCESS
574,https://news.fnal.gov/tag/antimatter/,200,antimatter Archives - News,0574_news.fnal.gov_tag_antimatter.html,0574_news.fnal.gov_tag_antimatter.txt,86155,842,2026-06-10 13:45:07,SUCCESS
575,https://news.fnal.gov/tag/astronomical-clock/,200,astronomical clock Archives - News,0575_news.fnal.gov_tag_astronomical-clock.html,0575_news.fnal.gov_tag_astronomical-clock.txt,68503,302,2026-06-10 13:45:10,SUCCESS
576,https://news.fnal.gov/tag/american-physical-society/,200,American Physical Society Archives - News,0576_news.fnal.gov_tag_american-physical-society.html,0576_news.fnal.gov_tag_american-physical-society.txt,85964,637,2026-06-10 13:45:12,SUCCESS
577,https://news.fnal.gov/tag/line-intensity-mapping/,200,line-intensity mapping Archives - News,0577_news.fnal.gov_tag_line-intensity-mapping.html,0577_news.fnal.gov_tag_line-intensity-mapping.txt,69200,318,2026-06-10 13:45:14,SUCCESS
578,https://news.fnal.gov/tag/dark-energy-survey/,200,Dark Energy Survey Archives - News,0578_news.fnal.gov_tag_dark-energy-survey.html,0578_news.fnal.gov_tag_dark-energy-survey.txt,90113,964,2026-06-10 13:45:16,SUCCESS
579,https://news.fnal.gov/2022/10/15-spectacular-photos-from-the-dark-energy-camera/,200,15 spectacular photos from the Dark Energy Camera,0579_news.fnal.gov_2022_10_15-spectacular-photos-from-the-da.html,0579_news.fnal.gov_2022_10_15-spectacular-photos-from-the-da.txt,121302,1942,2026-06-10 13:45:18,SUCCESS
580,https://news.fnal.gov/tag/site-access/,200,site access Archives - News,0580_news.fnal.gov_tag_site-access.html,0580_news.fnal.gov_tag_site-access.txt,76803,455,2026-06-10 13:45:20,SUCCESS
581,https://news.fnal.gov/2024/09/ana-martina-botti-wins-2024-ura-honorary-tollestrup-award-for-postdoctoral-research/,200,Ana Martina Botti receives 2024 URA Honorary Tollestrup Award for Postdoctoral Research,0581_news.fnal.gov_2024_09_ana-martina-botti-wins-2024-ura-h.html,0581_news.fnal.gov_2024_09_ana-martina-botti-wins-2024-ura-h.txt,90610,1502,2026-06-10 13:45:22,SUCCESS
582,https://news.fnal.gov/2025/02/fermilabs-anna-grassellino-receives-one-of-italys-highest-honors/,200,Fermilab’s Anna Grassellino receives one of Italy’s highest honors,0582_news.fnal.gov_2025_02_fermilabs-anna-grassellino-receiv.html,0582_news.fnal.gov_2025_02_fermilabs-anna-grassellino-receiv.txt,88836,1218,2026-06-10 13:45:24,SUCCESS
583,https://news.fnal.gov/2024/07/fermilabs-anna-grassellino-receives-prestigious-marisa-bellisario-award/,200,Fermilab’s Anna Grassellino receives prestigious Marisa Bellisario Award,0583_news.fnal.gov_2024_07_fermilabs-anna-grassellino-receiv.html,0583_news.fnal.gov_2024_07_fermilabs-anna-grassellino-receiv.txt,89844,960,2026-06-10 13:45:26,SUCCESS
584,https://news.fnal.gov/tag/award/page/2/,200,award Archives - Page 2 of 3 - News,0584_news.fnal.gov_tag_award_page_2.html,0584_news.fnal.gov_tag_award_page_2.txt,92560,733,2026-06-10 13:45:28,SUCCESS
585,https://news.fnal.gov/tag/award/page/3/,200,award Archives - Page 3 of 3 - News,0585_news.fnal.gov_tag_award_page_3.html,0585_news.fnal.gov_tag_award_page_3.txt,73089,392,2026-06-10 13:45:30,SUCCESS
586,https://news.fnal.gov/tag/award/search,200,Search for hidden chambers using cosmic-ray muons – Public lecture by Mark Adams,0586_news.fnal.gov_tag_award_search.html,0586_news.fnal.gov_tag_award_search.txt,69441,324,2026-06-10 13:45:32,SUCCESS
587,https://news.fnal.gov/tag/anna-grassellino/,200,Anna Grassellino Archives - News,0587_news.fnal.gov_tag_anna-grassellino.html,0587_news.fnal.gov_tag_anna-grassellino.txt,84221,876,2026-06-10 13:45:35,SUCCESS
588,https://news.fnal.gov/tag/women-in-stem/,200,women in STEM Archives - News,0588_news.fnal.gov_tag_women-in-stem.html,0588_news.fnal.gov_tag_women-in-stem.txt,72072,421,2026-06-10 13:45:37,SUCCESS
589,https://news.fnal.gov/2024/11/designing-resilient-targets-for-high-energy-particle-accelerators/,200,Designing resilient targets for high-energy particle accelerators,0589_news.fnal.gov_2024_11_designing-resilient-targets-for-h.html,0589_news.fnal.gov_2024_11_designing-resilient-targets-for-h.txt,94607,1851,2026-06-10 13:45:39,SUCCESS
590,https://news.fnal.gov/2026/03/fermilabs-fast-iota-facility-achieves-major-milestone-in-accelerator-research/search,200,Search for hidden chambers using cosmic-ray muons – Public lecture by Mark Adams,0590_news.fnal.gov_2026_03_fermilabs-fast-iota-facility-achi.html,0590_news.fnal.gov_2026_03_fermilabs-fast-iota-facility-achi.txt,69441,324,2026-06-10 13:45:41,SUCCESS
591,https://news.fnal.gov/tag/microboone/search,200,Search for hidden chambers using cosmic-ray muons – Public lecture by Mark Adams,0591_news.fnal.gov_tag_microboone_search.html,0591_news.fnal.gov_tag_microboone_search.txt,69441,324,2026-06-10 13:45:43,SUCCESS
592,https://news.fnal.gov/tag/microboone/page/7/,200,MicroBooNE Archives - Page 7 of 7 - News,0592_news.fnal.gov_tag_microboone_page_7.html,0592_news.fnal.gov_tag_microboone_page_7.txt,73762,396,2026-06-10 13:45:46,SUCCESS
593,https://news.fnal.gov/tag/microboone/page/2/,200,MicroBooNE Archives - Page 2 of 7 - News,0593_news.fnal.gov_tag_microboone_page_2.html,0593_news.fnal.gov_tag_microboone_page_2.txt,89938,829,2026-06-10 13:45:48,SUCCESS
594,https://news.fnal.gov/tag/microboone/page/3/,200,MicroBooNE Archives - Page 3 of 7 - News,0594_news.fnal.gov_tag_microboone_page_3.html,0594_news.fnal.gov_tag_microboone_page_3.txt,87399,880,2026-06-10 13:45:50,SUCCESS
595,https://news.fnal.gov/tag/magnes/search,200,Search for hidden chambers using cosmic-ray muons – Public lecture by Mark Adams,0595_news.fnal.gov_tag_magnes_search.html,0595_news.fnal.gov_tag_magnes_search.txt,69441,324,2026-06-10 13:45:52,SUCCESS
596,https://news.fnal.gov/2026/01/fermilab-researchers-supercharge-neural-networks-boosting-potential-of-ai-to-revolutionize-particle-physics/search,200,Search for hidden chambers using cosmic-ray muons – Public lecture by Mark Adams,0596_news.fnal.gov_2026_01_fermilab-researchers-supercharge-.html,0596_news.fnal.gov_2026_01_fermilab-researchers-supercharge-.txt,69441,324,2026-06-10 13:45:54,SUCCESS
597,https://news.fnal.gov/tag/lbnf-dune/page/7/,200,LBNF/DUNE Archives - Page 7 of 7 - News,0597_news.fnal.gov_tag_lbnf-dune_page_7.html,0597_news.fnal.gov_tag_lbnf-dune_page_7.txt,81012,613,2026-06-10 13:45:57,SUCCESS
598,https://news.fnal.gov/tag/lbnf-dune/page/2/,200,LBNF/DUNE Archives - Page 2 of 7 - News,0598_news.fnal.gov_tag_lbnf-dune_page_2.html,0598_news.fnal.gov_tag_lbnf-dune_page_2.txt,91713,857,2026-06-10 13:45:59,SUCCESS
599,https://news.fnal.gov/tag/lbnf-dune/page/3/,200,LBNF/DUNE Archives - Page 3 of 7 - News,0599_news.fnal.gov_tag_lbnf-dune_page_3.html,0599_news.fnal.gov_tag_lbnf-dune_page_3.txt,85929,930,2026-06-10 13:46:01,SUCCESS
600,https://news.fnal.gov/tag/lbnf-dune/search,200,Search for hidden chambers using cosmic-ray muons – Public lecture by Mark Adams,0600_news.fnal.gov_tag_lbnf-dune_search.html,0600_news.fnal.gov_tag_lbnf-dune_search.txt,69441,324,2026-06-10 13:46:03,SUCCESS
601,https://news.fnal.gov/2015/06/u-s-joins-the-world-in-a-new-era-of-research-at-the-large-hadron-collider-2/,200,U.S. joins the world in a new era of research at the Large Hadron Collider,0601_news.fnal.gov_2015_06_u-s-joins-the-world-in-a-new-era-.html,0601_news.fnal.gov_2015_06_u-s-joins-the-world-in-a-new-era-.txt,90636,1640,2026-06-10 13:46:06,SUCCESS
602,https://news.fnal.gov/2015/05/two-large-hadron-collider-experiments-first-to-observe-rare-subatomic-process/,200,Two Large Hadron Collider experiments first to observe rare subatomic process,0602_news.fnal.gov_2015_05_two-large-hadron-collider-experim.html,0602_news.fnal.gov_2015_05_two-large-hadron-collider-experim.txt,89742,1409,2026-06-10 13:46:08,SUCCESS
603,https://news.fnal.gov/tag/particle-decay/,200,particle decay Archives - News,0603_news.fnal.gov_tag_particle-decay.html,0603_news.fnal.gov_tag_particle-decay.txt,70971,395,2026-06-10 13:46:11,SUCCESS
604,https://news.fnal.gov/tag/lhcb/,200,LHCb Archives - News,0604_news.fnal.gov_tag_lhcb.html,0604_news.fnal.gov_tag_lhcb.txt,89653,775,2026-06-10 13:46:13,SUCCESS
605,https://news.fnal.gov/tag/u-s-cms/search,200,Search for hidden chambers using cosmic-ray muons – Public lecture by Mark Adams,0605_news.fnal.gov_tag_u-s-cms_search.html,0605_news.fnal.gov_tag_u-s-cms_search.txt,69441,324,2026-06-10 13:46:15,SUCCESS
606,https://news.fnal.gov/tag/measurements/,200,measurements Archives - News,0606_news.fnal.gov_tag_measurements.html,0606_news.fnal.gov_tag_measurements.txt,78072,608,2026-06-10 13:46:17,SUCCESS
607,https://news.fnal.gov/tag/theory/page/2/,200,theory Archives - Page 2 of 6 - News,0607_news.fnal.gov_tag_theory_page_2.html,0607_news.fnal.gov_tag_theory_page_2.txt,86585,839,2026-06-10 13:46:19,SUCCESS
608,https://news.fnal.gov/tag/theory/search,200,Search for hidden chambers using cosmic-ray muons – Public lecture by Mark Adams,0608_news.fnal.gov_tag_theory_search.html,0608_news.fnal.gov_tag_theory_search.txt,69441,324,2026-06-10 13:46:21,SUCCESS
609,https://news.fnal.gov/tag/theory/page/6/,200,theory Archives - Page 6 of 6 - News,0609_news.fnal.gov_tag_theory_page_6.html,0609_news.fnal.gov_tag_theory_page_6.txt,76552,432,2026-06-10 13:46:24,SUCCESS
610,https://news.fnal.gov/tag/theory/page/3/,200,theory Archives - Page 3 of 6 - News,0610_news.fnal.gov_tag_theory_page_3.html,0610_news.fnal.gov_tag_theory_page_3.txt,87338,968,2026-06-10 13:46:26,SUCCESS
611,https://news.fnal.gov/tag/machine-learning/page/2/,200,machine learning Archives - Page 2 of 3 - News,0611_news.fnal.gov_tag_machine-learning_page_2.html,0611_news.fnal.gov_tag_machine-learning_page_2.txt,93076,1024,2026-06-10 13:46:28,SUCCESS
612,https://news.fnal.gov/tag/lpc/,200,LPC Archives - News,0612_news.fnal.gov_tag_lpc.html,0612_news.fnal.gov_tag_lpc.txt,69535,371,2026-06-10 13:46:30,SUCCESS
613,https://news.fnal.gov/tag/machine-learning/page/3/,200,machine learning Archives - Page 3 of 3 - News,0613_news.fnal.gov_tag_machine-learning_page_3.html,0613_news.fnal.gov_tag_machine-learning_page_3.txt,87141,752,2026-06-10 13:46:32,SUCCESS
614,https://news.fnal.gov/tag/machine-learning/search,200,Search for hidden chambers using cosmic-ray muons – Public lecture by Mark Adams,0614_news.fnal.gov_tag_machine-learning_search.html,0614_news.fnal.gov_tag_machine-learning_search.txt,69441,324,2026-06-10 13:46:34,SUCCESS
615,https://news.fnal.gov/tag/fermilab-quantum-institute/,200,Fermilab Quantum Institute Archives - News,0615_news.fnal.gov_tag_fermilab-quantum-institute.html,0615_news.fnal.gov_tag_fermilab-quantum-institute.txt,80806,736,2026-06-10 13:46:36,SUCCESS
616,https://news.fnal.gov/2021/04/new-computing-algorithms-expand-the-boundaries-of-a-quantum-future/,200,New computing algorithms expand the boundaries of a quantum future,0616_news.fnal.gov_2021_04_new-computing-algorithms-expand-t.html,0616_news.fnal.gov_2021_04_new-computing-algorithms-expand-t.txt,97573,1968,2026-06-10 13:46:38,SUCCESS
617,https://news.fnal.gov/tag/data-analysis/,200,data analysis Archives - News,0617_news.fnal.gov_tag_data-analysis.html,0617_news.fnal.gov_tag_data-analysis.txt,73130,588,2026-06-10 13:46:40,SUCCESS
618,https://news.fnal.gov/2021/04/searching-for-stealthy-supersymmetry/,200,Searching for stealthy supersymmetry,0618_news.fnal.gov_2021_04_searching-for-stealthy-supersymme.html,0618_news.fnal.gov_2021_04_searching-for-stealthy-supersymme.txt,85225,872,2026-06-10 13:46:42,SUCCESS
619,https://news.fnal.gov/tag/supersymmetry/,200,supersymmetry Archives - News,0619_news.fnal.gov_tag_supersymmetry.html,0619_news.fnal.gov_tag_supersymmetry.txt,88908,748,2026-06-10 13:46:45,SUCCESS
620,https://news.fnal.gov/tag/sqms/page/3/,200,SQMS Archives - Page 3 of 4 - News,0620_news.fnal.gov_tag_sqms_page_3.html,0620_news.fnal.gov_tag_sqms_page_3.txt,92112,902,2026-06-10 13:46:47,SUCCESS
621,https://news.fnal.gov/tag/quantum-research/,200,quantum research Archives - News,0621_news.fnal.gov_tag_quantum-research.html,0621_news.fnal.gov_tag_quantum-research.txt,71004,457,2026-06-10 13:46:49,SUCCESS
622,https://news.fnal.gov/tag/sqms/page/2/,200,SQMS Archives - Page 2 of 4 - News,0622_news.fnal.gov_tag_sqms_page_2.html,0622_news.fnal.gov_tag_sqms_page_2.txt,92102,875,2026-06-10 13:46:50,SUCCESS
623,https://news.fnal.gov/tag/sqms/page/4/,200,SQMS Archives - Page 4 of 4 - News,0623_news.fnal.gov_tag_sqms_page_4.html,0623_news.fnal.gov_tag_sqms_page_4.txt,88039,1034,2026-06-10 13:46:53,SUCCESS
624,https://news.fnal.gov/tag/sqms/search,200,Search for hidden chambers using cosmic-ray muons – Public lecture by Mark Adams,0624_news.fnal.gov_tag_sqms_search.html,0624_news.fnal.gov_tag_sqms_search.txt,69441,324,2026-06-10 13:46:55,SUCCESS
625,https://news.fnal.gov/tag/muon-g-2/page/15/,200,Muon g-2 Archives - Page 15 of 15 - News,0625_news.fnal.gov_tag_muon-g-2_page_15.html,0625_news.fnal.gov_tag_muon-g-2_page_15.txt,75765,567,2026-06-10 13:46:57,SUCCESS
626,https://news.fnal.gov/tag/sbnd/,200,SBND Archives - News,0626_news.fnal.gov_tag_sbnd.html,0626_news.fnal.gov_tag_sbnd.txt,89404,813,2026-06-10 13:46:59,SUCCESS
627,https://news.fnal.gov/tag/muon-g-2/search,200,Search for hidden chambers using cosmic-ray muons – Public lecture by Mark Adams,0627_news.fnal.gov_tag_muon-g-2_search.html,0627_news.fnal.gov_tag_muon-g-2_search.txt,69441,324,2026-06-10 13:47:01,SUCCESS
628,https://news.fnal.gov/2025/12/meet-the-winners-of-the-2025-universities-research-association-awards/,200,Meet the winners of the 2025 Universities Research Association awards,0628_news.fnal.gov_2025_12_meet-the-winners-of-the-2025-univ.html,0628_news.fnal.gov_2025_12_meet-the-winners-of-the-2025-univ.txt,102276,2413,2026-06-10 13:47:03,SUCCESS
629,https://news.fnal.gov/tag/science/,200,science Archives - News,0629_news.fnal.gov_tag_science.html,0629_news.fnal.gov_tag_science.txt,83853,861,2026-06-10 13:47:05,SUCCESS
630,https://news.fnal.gov/tag/muon-g-2/page/2/,200,Muon g-2 Archives - Page 2 of 15 - News,0630_news.fnal.gov_tag_muon-g-2_page_2.html,0630_news.fnal.gov_tag_muon-g-2_page_2.txt,84901,894,2026-06-10 13:47:07,SUCCESS
631,https://news.fnal.gov/tag/muon-g-2/page/3/,200,Muon g-2 Archives - Page 3 of 15 - News,0631_news.fnal.gov_tag_muon-g-2_page_3.html,0631_news.fnal.gov_tag_muon-g-2_page_3.txt,85156,884,2026-06-10 13:47:10,SUCCESS
632,https://news.fnal.gov/tag/neutrino/search,200,Search for hidden chambers using cosmic-ray muons – Public lecture by Mark Adams,0632_news.fnal.gov_tag_neutrino_search.html,0632_news.fnal.gov_tag_neutrino_search.txt,69441,324,2026-06-10 13:47:11,SUCCESS
633,https://news.fnal.gov/tag/neutrino/page/55/,200,neutrino Archives - Page 55 of 55 - News,0633_news.fnal.gov_tag_neutrino_page_55.html,0633_news.fnal.gov_tag_neutrino_page_55.txt,82261,688,2026-06-10 13:47:14,SUCCESS
634,https://news.fnal.gov/tag/neutrino/page/3/,200,neutrino Archives - Page 3 of 55 - News,0634_news.fnal.gov_tag_neutrino_page_3.html,0634_news.fnal.gov_tag_neutrino_page_3.txt,85797,856,2026-06-10 13:47:16,SUCCESS
635,https://news.fnal.gov/tag/neutrino/page/2/,200,neutrino Archives - Page 2 of 55 - News,0635_news.fnal.gov_tag_neutrino_page_2.html,0635_news.fnal.gov_tag_neutrino_page_2.txt,86612,854,2026-06-10 13:47:18,SUCCESS
636,https://news.fnal.gov/2025/09/andrzej-szelc-elected-co-spokesperson-for-sbnd-collaboration/,200,Andrzej Szelc elected co-spokesperson for SBND collaboration,0636_news.fnal.gov_2025_09_andrzej-szelc-elected-co-spokespe.html,0636_news.fnal.gov_2025_09_andrzej-szelc-elected-co-spokespe.txt,89246,1181,2026-06-10 13:47:21,SUCCESS
637,https://news.fnal.gov/2026/03/lhc-physics-center-at-fermilab-reaches-15-year-milestone-for-cms-data-analysis-school/,200,LHC Physics Center at Fermilab reaches 15-year milestone for CMS Data Analysis School,0637_news.fnal.gov_2026_03_lhc-physics-center-at-fermilab-re.html,0637_news.fnal.gov_2026_03_lhc-physics-center-at-fermilab-re.txt,93407,1207,2026-06-10 13:47:23,SUCCESS
638,https://news.fnal.gov/2025/07/fermilab-engages-in-noble-pursuit-of-discovery-energy-secretary-says-in-first-visit/,200,"Fermilab engages in ‘noble pursuit’ of discovery, Energy Secretary says in first visit",0638_news.fnal.gov_2025_07_fermilab-engages-in-noble-pursuit.html,0638_news.fnal.gov_2025_07_fermilab-engages-in-noble-pursuit.txt,89722,1190,2026-06-10 13:47:25,SUCCESS
639,https://news.fnal.gov/2025/08/researchers-meet-at-fermilab-for-u-s-higgs-factory-workshop/,200,Researchers meet at Fermilab for U.S. Higgs factory workshop,0639_news.fnal.gov_2025_08_researchers-meet-at-fermilab-for-.html,0639_news.fnal.gov_2025_08_researchers-meet-at-fermilab-for-.txt,87730,1082,2026-06-10 13:47:27,SUCCESS
640,https://news.fnal.gov/tag/future-circular-collider/,200,Future Circular Collider Archives - News,0640_news.fnal.gov_tag_future-circular-collider.html,0640_news.fnal.gov_tag_future-circular-collider.txt,73544,514,2026-06-10 13:47:29,SUCCESS
641,https://news.fnal.gov/tag/doe-national-laboratory/,200,DOE national laboratory Archives - News,0641_news.fnal.gov_tag_doe-national-laboratory.html,0641_news.fnal.gov_tag_doe-national-laboratory.txt,74686,481,2026-06-10 13:47:31,SUCCESS
642,https://news.fnal.gov/2025/07/secretary-of-energy-chris-wright-visits-fermilab/,200,Secretary of Energy Chris Wright visits Fermilab,0642_news.fnal.gov_2025_07_secretary-of-energy-chris-wright-.html,0642_news.fnal.gov_2025_07_secretary-of-energy-chris-wright-.txt,96653,1448,2026-06-10 13:47:33,SUCCESS
643,https://news.fnal.gov/tag/particle-physics/page/3/,200,particle physics Archives - Page 3 of 7 - News,0643_news.fnal.gov_tag_particle-physics_page_3.html,0643_news.fnal.gov_tag_particle-physics_page_3.txt,86216,972,2026-06-10 13:47:35,SUCCESS
644,https://news.fnal.gov/tag/particle-physics/page/2/,200,particle physics Archives - Page 2 of 7 - News,0644_news.fnal.gov_tag_particle-physics_page_2.html,0644_news.fnal.gov_tag_particle-physics_page_2.txt,87503,917,2026-06-10 13:47:37,SUCCESS
645,https://news.fnal.gov/tag/particle-physics/page/7/,200,particle physics Archives - Page 7 of 7 - News,0645_news.fnal.gov_tag_particle-physics_page_7.html,0645_news.fnal.gov_tag_particle-physics_page_7.txt,78193,642,2026-06-10 13:47:39,SUCCESS
646,https://news.fnal.gov/2026/02/anadi-canepa-begins-work-as-new-cms-spokesperson/,200,Anadi Canepa begins work as new CMS spokesperson,0646_news.fnal.gov_2026_02_anadi-canepa-begins-work-as-new-c.html,0646_news.fnal.gov_2026_02_anadi-canepa-begins-work-as-new-c.txt,86698,1005,2026-06-10 13:47:41,SUCCESS
647,https://news.fnal.gov/tag/particle-physics/search,200,Search for hidden chambers using cosmic-ray muons – Public lecture by Mark Adams,0647_news.fnal.gov_tag_particle-physics_search.html,0647_news.fnal.gov_tag_particle-physics_search.txt,69441,324,2026-06-10 13:47:43,SUCCESS
648,https://news.fnal.gov/tag/accelerator-science/page/4/,200,accelerator science Archives - Page 4 of 4 - News,0648_news.fnal.gov_tag_accelerator-science_page_4.html,0648_news.fnal.gov_tag_accelerator-science_page_4.txt,74511,360,2026-06-10 13:47:45,SUCCESS
649,https://news.fnal.gov/tag/accelerator-science/page/2/,200,accelerator science Archives - Page 2 of 4 - News,0649_news.fnal.gov_tag_accelerator-science_page_2.html,0649_news.fnal.gov_tag_accelerator-science_page_2.txt,91180,921,2026-06-10 13:47:47,SUCCESS
650,https://news.fnal.gov/tag/university-of-chicago/,200,University of Chicago Archives - News,0650_news.fnal.gov_tag_university-of-chicago.html,0650_news.fnal.gov_tag_university-of-chicago.txt,92910,1047,2026-06-10 13:47:49,SUCCESS
651,https://news.fnal.gov/2020/03/the-power-of-attraction-the-use-of-magnets-in-particle-accelerators/,200,The power of attraction: magnets in particle accelerators,0651_news.fnal.gov_2020_03_the-power-of-attraction-the-use-o.html,0651_news.fnal.gov_2020_03_the-power-of-attraction-the-use-o.txt,101600,2440,2026-06-10 13:47:51,SUCCESS
652,https://news.fnal.gov/tag/accelerator-science/search,200,Search for hidden chambers using cosmic-ray muons – Public lecture by Mark Adams,0652_news.fnal.gov_tag_accelerator-science_search.html,0652_news.fnal.gov_tag_accelerator-science_search.txt,69441,324,2026-06-10 13:47:53,SUCCESS
653,https://news.fnal.gov/2026/02/john-byrd-selected-as-new-director-of-the-u-s-particle-accelerator-school/,200,John Byrd selected as new director of the US Particle Accelerator School,0653_news.fnal.gov_2026_02_john-byrd-selected-as-new-directo.html,0653_news.fnal.gov_2026_02_john-byrd-selected-as-new-directo.txt,89215,1484,2026-06-10 13:47:56,SUCCESS
654,https://news.fnal.gov/tag/magnet/,200,magnet Archives - News,0654_news.fnal.gov_tag_magnet.html,0654_news.fnal.gov_tag_magnet.txt,95372,1017,2026-06-10 13:47:58,SUCCESS
655,https://news.fnal.gov/tag/argonne/,200,Argonne Archives - News,0655_news.fnal.gov_tag_argonne.html,0655_news.fnal.gov_tag_argonne.txt,94131,942,2026-06-10 13:48:00,SUCCESS
656,https://news.fnal.gov/tag/illinois-institute-of-technology/,200,Illinois Institute of Technology Archives - News,0656_news.fnal.gov_tag_illinois-institute-of-technology.html,0656_news.fnal.gov_tag_illinois-institute-of-technology.txt,77219,641,2026-06-10 13:48:02,SUCCESS
657,https://news.fnal.gov/tag/northwestern-university/,200,Northwestern University Archives - News,0657_news.fnal.gov_tag_northwestern-university.html,0657_news.fnal.gov_tag_northwestern-university.txt,89803,733,2026-06-10 13:48:04,SUCCESS
658,https://news.fnal.gov/tag/targetry/,200,targetry Archives - News,0658_news.fnal.gov_tag_targetry.html,0658_news.fnal.gov_tag_targetry.txt,86937,856,2026-06-10 13:48:06,SUCCESS
659,https://news.fnal.gov/2020/09/northern-illinois-flourishes-as-accelerator-rd-hub-under-fermilab-leadership/,200,Northern Illinois flourishes as accelerator R&D hub under Fermilab leadership,0659_news.fnal.gov_2020_09_northern-illinois-flourishes-as-a.html,0659_news.fnal.gov_2020_09_northern-illinois-flourishes-as-a.txt,110488,2821,2026-06-10 13:48:09,SUCCESS
660,https://news.fnal.gov/tag/argonne-national-laboratory/,200,Argonne National Laboratory Archives - News,0660_news.fnal.gov_tag_argonne-national-laboratory.html,0660_news.fnal.gov_tag_argonne-national-laboratory.txt,95810,1020,2026-06-10 13:48:11,SUCCESS
661,https://news.fnal.gov/tag/northern-illinois-university/,200,Northern Illinois University Archives - News,0661_news.fnal.gov_tag_northern-illinois-university.html,0661_news.fnal.gov_tag_northern-illinois-university.txt,81150,611,2026-06-10 13:48:13,SUCCESS
662,https://news.fnal.gov/2022/12/lee-teng-internship-fosters-undergraduate-researchers-in-accelerator-science-and-engineering/,200,Lee Teng internship fosters undergraduate researchers in accelerator science and engineering,0662_news.fnal.gov_2022_12_lee-teng-internship-fosters-under.html,0662_news.fnal.gov_2022_12_lee-teng-internship-fosters-under.txt,92448,1430,2026-06-10 13:48:15,SUCCESS
663,https://news.fnal.gov/tag/beam/,200,beam Archives - News,0663_news.fnal.gov_tag_beam.html,0663_news.fnal.gov_tag_beam.txt,85926,713,2026-06-10 13:48:17,SUCCESS
664,https://news.fnal.gov/tag/accelerator-science/page/3/,200,accelerator science Archives - Page 3 of 4 - News,0664_news.fnal.gov_tag_accelerator-science_page_3.html,0664_news.fnal.gov_tag_accelerator-science_page_3.txt,94292,715,2026-06-10 13:48:19,SUCCESS
665,https://news.fnal.gov/tag/illinois/,200,Illinois Archives - News,0665_news.fnal.gov_tag_illinois.html,0665_news.fnal.gov_tag_illinois.txt,95935,1093,2026-06-10 13:48:21,SUCCESS
666,https://news.fnal.gov/2019/11/discovery-of-a-new-type-of-particle-beam-instability/,200,Discovery of a new type of particle beam instability,0666_news.fnal.gov_2019_11_discovery-of-a-new-type-of-partic.html,0666_news.fnal.gov_2019_11_discovery-of-a-new-type-of-partic.txt,87151,1124,2026-06-10 13:48:23,SUCCESS
667,https://news.fnal.gov/2020/07/robert-ainsworth-awarded-2-5-million-to-improve-particle-beams-for-high-intensity-experiments/,200,Robert Ainsworth awarded $2.5 million to improve particle beams for high-intensity experiments,0667_news.fnal.gov_2020_07_robert-ainsworth-awarded-2-5-mill.html,0667_news.fnal.gov_2020_07_robert-ainsworth-awarded-2-5-mill.txt,92531,1649,2026-06-10 13:48:25,SUCCESS
668,https://news.fnal.gov/tag/lhc-accelerator-upgrade-project/,200,LHC Accelerator Upgrade Project Archives - News,0668_news.fnal.gov_tag_lhc-accelerator-upgrade-project.html,0668_news.fnal.gov_tag_lhc-accelerator-upgrade-project.txt,77088,636,2026-06-10 13:48:27,SUCCESS
669,https://news.fnal.gov/tag/lhc-aup/search,200,Search for hidden chambers using cosmic-ray muons – Public lecture by Mark Adams,0669_news.fnal.gov_tag_lhc-aup_search.html,0669_news.fnal.gov_tag_lhc-aup_search.txt,69441,324,2026-06-10 13:48:29,SUCCESS
670,https://news.fnal.gov/tag/hl-lhc/,200,HL-LHC Archives - News,0670_news.fnal.gov_tag_hl-lhc.html,0670_news.fnal.gov_tag_hl-lhc.txt,95053,909,2026-06-10 13:48:31,SUCCESS
671,https://news.fnal.gov/tag/national-high-magnetic-field-laboratory/,200,National High Magnetic Field Laboratory Archives - News,0671_news.fnal.gov_tag_national-high-magnetic-field-laborato.html,0671_news.fnal.gov_tag_national-high-magnetic-field-laborato.txt,73460,484,2026-06-10 13:48:33,SUCCESS
672,https://news.fnal.gov/tag/brookhaven/,200,Brookhaven Archives - News,0672_news.fnal.gov_tag_brookhaven.html,0672_news.fnal.gov_tag_brookhaven.txt,97122,1158,2026-06-10 13:48:35,SUCCESS
673,https://news.fnal.gov/tag/high-luminosity-lhc/,200,High-Luminosity LHC Archives - News,0673_news.fnal.gov_tag_high-luminosity-lhc.html,0673_news.fnal.gov_tag_high-luminosity-lhc.txt,98298,1142,2026-06-10 13:48:37,SUCCESS
674,https://news.fnal.gov/tag/old-dominion-university/,200,Old Dominion University Archives - News,0674_news.fnal.gov_tag_old-dominion-university.html,0674_news.fnal.gov_tag_old-dominion-university.txt,72359,425,2026-06-10 13:48:39,SUCCESS
675,https://news.fnal.gov/tag/brookhaven-national-laboratory/,200,Brookhaven National Laboratory Archives - News,0675_news.fnal.gov_tag_brookhaven-national-laboratory.html,0675_news.fnal.gov_tag_brookhaven-national-laboratory.txt,89545,887,2026-06-10 13:48:41,SUCCESS
676,https://news.fnal.gov/tag/hl-lhc-accelerator-upgrade-project/search,200,Search for hidden chambers using cosmic-ray muons – Public lecture by Mark Adams,0676_news.fnal.gov_tag_hl-lhc-accelerator-upgrade-project_se.html,0676_news.fnal.gov_tag_hl-lhc-accelerator-upgrade-project_se.txt,69441,324,2026-06-10 13:48:44,SUCCESS
677,https://news.fnal.gov/tag/cavity/,200,cavity Archives - News,0677_news.fnal.gov_tag_cavity.html,0677_news.fnal.gov_tag_cavity.txt,83299,645,2026-06-10 13:48:46,SUCCESS
678,https://news.fnal.gov/tag/university-of-florida/,200,University of Florida Archives - News,0678_news.fnal.gov_tag_university-of-florida.html,0678_news.fnal.gov_tag_university-of-florida.txt,78319,511,2026-06-10 13:48:48,SUCCESS
679,https://news.fnal.gov/tag/aqnet/,200,AQNET Archives - News,0679_news.fnal.gov_tag_aqnet.html,0679_news.fnal.gov_tag_aqnet.txt,68989,341,2026-06-10 13:48:50,SUCCESS
680,https://news.fnal.gov/2025/05/fermilab-researchers-advance-quantum-sensing-for-future-detectors/,200,Fermilab researchers advance quantum sensing for future detectors,0680_news.fnal.gov_2025_05_fermilab-researchers-advance-quan.html,0680_news.fnal.gov_2025_05_fermilab-researchers-advance-quan.txt,94974,1563,2026-06-10 13:48:53,SUCCESS
681,https://news.fnal.gov/authors/marcia-teckenbrock/page/3/,200,Marcia Teckenbrock Archives - Page 3 of 3 - News,0681_news.fnal.gov_authors_marcia-teckenbrock_page_3.html,0681_news.fnal.gov_authors_marcia-teckenbrock_page_3.txt,83594,614,2026-06-10 13:48:55,SUCCESS
682,https://news.fnal.gov/2025/09/squeezed-light-technology-could-accelerate-path-to-quantum-networking/,200,‘Squeezed light’ technology could accelerate path to quantum networking,0682_news.fnal.gov_2025_09_squeezed-light-technology-could-a.html,0682_news.fnal.gov_2025_09_squeezed-light-technology-could-a.txt,90255,1399,2026-06-10 13:48:57,SUCCESS
683,https://news.fnal.gov/tag/ceramics/,200,ceramics Archives - News,0683_news.fnal.gov_tag_ceramics.html,0683_news.fnal.gov_tag_ceramics.txt,68885,335,2026-06-10 13:48:59,SUCCESS
684,https://news.fnal.gov/2025/05/new-ceramic-material-for-high-power-particle-accelerators-enhances-reliability/,200,New ceramic material for high-power particle accelerators enhances reliability,0684_news.fnal.gov_2025_05_new-ceramic-material-for-high-pow.html,0684_news.fnal.gov_2025_05_new-ceramic-material-for-high-pow.txt,91787,1523,2026-06-10 13:49:01,SUCCESS
685,https://news.fnal.gov/authors/marcia-teckenbrock/page/2/,200,Marcia Teckenbrock Archives - Page 2 of 3 - News,0685_news.fnal.gov_authors_marcia-teckenbrock_page_2.html,0685_news.fnal.gov_authors_marcia-teckenbrock_page_2.txt,97046,885,2026-06-10 13:49:03,SUCCESS
686,https://news.fnal.gov/authors/marcia-teckenbrock/search,200,Search for hidden chambers using cosmic-ray muons – Public lecture by Mark Adams,0686_news.fnal.gov_authors_marcia-teckenbrock_search.html,0686_news.fnal.gov_authors_marcia-teckenbrock_search.txt,69441,324,2026-06-10 13:49:05,SUCCESS
687,https://news.fnal.gov/tag/caltech/search,200,Search for hidden chambers using cosmic-ray muons – Public lecture by Mark Adams,0687_news.fnal.gov_tag_caltech_search.html,0687_news.fnal.gov_tag_caltech_search.txt,69441,324,2026-06-10 13:49:07,SUCCESS
688,https://news.fnal.gov/tag/atlas/,200,ATLAS Archives - News,0688_news.fnal.gov_tag_atlas.html,0688_news.fnal.gov_tag_atlas.txt,88872,702,2026-06-10 13:49:10,SUCCESS
689,https://news.fnal.gov/tag/university-of-southern-california/,200,University of Southern California Archives - News,0689_news.fnal.gov_tag_university-of-southern-california.html,0689_news.fnal.gov_tag_university-of-southern-california.txt,69568,345,2026-06-10 13:49:12,SUCCESS
690,https://news.fnal.gov/2017/06/chicago-quantum-exchange-create-technologically-transformative-ecosystem/,200,Chicago Quantum Exchange to create technologically transformative ecosystem,0690_news.fnal.gov_2017_06_chicago-quantum-exchange-create-t.html,0690_news.fnal.gov_2017_06_chicago-quantum-exchange-create-t.txt,100174,2169,2026-06-10 13:49:14,SUCCESS
691,https://news.fnal.gov/2017/10/quantum-physics-boosts-artificial-intelligence-methods/,200,Quantum physics boosts artificial intelligence methods,0691_news.fnal.gov_2017_10_quantum-physics-boosts-artificial.html,0691_news.fnal.gov_2017_10_quantum-physics-boosts-artificial.txt,90166,1495,2026-06-10 13:49:16,SUCCESS
692,https://news.fnal.gov/tag/nasa/,200,NASA Archives - News,0692_news.fnal.gov_tag_nasa.html,0692_news.fnal.gov_tag_nasa.txt,77897,644,2026-06-10 13:49:18,SUCCESS
693,https://news.fnal.gov/tag/quantum-communication/page/3/,200,quantum communication Archives - Page 3 of 3 - News,0693_news.fnal.gov_tag_quantum-communication_page_3.html,0693_news.fnal.gov_tag_quantum-communication_page_3.txt,96769,1214,2026-06-10 13:49:20,SUCCESS
694,https://news.fnal.gov/tag/precision-timing-detector/,200,precision-timing detector Archives - News,0694_news.fnal.gov_tag_precision-timing-detector.html,0694_news.fnal.gov_tag_precision-timing-detector.txt,70187,371,2026-06-10 13:49:22,SUCCESS
695,https://news.fnal.gov/tag/quantum-communication/search,200,Search for hidden chambers using cosmic-ray muons – Public lecture by Mark Adams,0695_news.fnal.gov_tag_quantum-communication_search.html,0695_news.fnal.gov_tag_quantum-communication_search.txt,69441,324,2026-06-10 13:49:25,SUCCESS
696,https://news.fnal.gov/tag/stony-brook-university/,200,Stony Brook University Archives - News,0696_news.fnal.gov_tag_stony-brook-university.html,0696_news.fnal.gov_tag_stony-brook-university.txt,68386,347,2026-06-10 13:49:27,SUCCESS
697,https://news.fnal.gov/tag/entanglement-swapping/,200,entanglement swapping Archives - News,0697_news.fnal.gov_tag_entanglement-swapping.html,0697_news.fnal.gov_tag_entanglement-swapping.txt,72075,405,2026-06-10 13:49:29,SUCCESS
698,https://news.fnal.gov/tag/new-york/,200,New York Archives - News,0698_news.fnal.gov_tag_new-york.html,0698_news.fnal.gov_tag_new-york.txt,98840,961,2026-06-10 13:49:31,SUCCESS
699,https://news.fnal.gov/tag/quantum-communication/page/2/,200,quantum communication Archives - Page 2 of 3 - News,0699_news.fnal.gov_tag_quantum-communication_page_2.html,0699_news.fnal.gov_tag_quantum-communication_page_2.txt,95344,1270,2026-06-10 13:49:33,SUCCESS
700,https://news.fnal.gov/2021/11/a-minute-with-cristian-pena-associate-scientist-at-the-fermilab-quantum-institute/,200,"A minute with Cristián Peña, associate scientist at the Fermilab Quantum Institute",0700_news.fnal.gov_2021_11_a-minute-with-cristian-pena-assoc.html,0700_news.fnal.gov_2021_11_a-minute-with-cristian-pena-assoc.txt,89880,1468,2026-06-10 13:49:35,SUCCESS
701,https://news.fnal.gov/tag/conference/,200,conference Archives - News,0701_news.fnal.gov_tag_conference.html,0701_news.fnal.gov_tag_conference.txt,86289,795,2026-06-10 13:49:37,SUCCESS
702,https://news.fnal.gov/tag/students/search,200,Search for hidden chambers using cosmic-ray muons – Public lecture by Mark Adams,0702_news.fnal.gov_tag_students_search.html,0702_news.fnal.gov_tag_students_search.txt,69441,324,2026-06-10 13:49:39,SUCCESS
703,https://news.fnal.gov/tag/mentorship/,200,mentorship Archives - News,0703_news.fnal.gov_tag_mentorship.html,0703_news.fnal.gov_tag_mentorship.txt,71956,410,2026-06-10 13:49:42,SUCCESS
704,https://news.fnal.gov/tag/students/page/2/,200,students Archives - Page 2 of 2 - News,0704_news.fnal.gov_tag_students_page_2.html,0704_news.fnal.gov_tag_students_page_2.txt,85895,671,2026-06-10 13:49:44,SUCCESS
705,https://news.fnal.gov/tag/scientist/,200,scientist Archives - News,0705_news.fnal.gov_tag_scientist.html,0705_news.fnal.gov_tag_scientist.txt,78215,649,2026-06-10 13:49:46,SUCCESS
706,https://news.fnal.gov/tag/quarknet/,200,QuarkNet Archives - News,0706_news.fnal.gov_tag_quarknet.html,0706_news.fnal.gov_tag_quarknet.txt,82041,606,2026-06-10 13:49:48,SUCCESS
707,https://news.fnal.gov/tag/outreach/,200,outreach Archives - News,0707_news.fnal.gov_tag_outreach.html,0707_news.fnal.gov_tag_outreach.txt,87624,707,2026-06-10 13:49:50,SUCCESS
708,https://news.fnal.gov/2025/06/cps-students-graduate-from-fermilab-quantum-science-program/search,200,Search for hidden chambers using cosmic-ray muons – Public lecture by Mark Adams,0708_news.fnal.gov_2025_06_cps-students-graduate-from-fermil.html,0708_news.fnal.gov_2025_06_cps-students-graduate-from-fermil.txt,69441,324,2026-06-10 13:49:52,SUCCESS
709,https://news.fnal.gov/tag/indiana/,200,Indiana Archives - News,0709_news.fnal.gov_tag_indiana.html,0709_news.fnal.gov_tag_indiana.txt,92129,691,2026-06-10 13:49:54,SUCCESS
710,https://news.fnal.gov/tag/university-of-notre-dame/,200,University of Notre Dame Archives - News,0710_news.fnal.gov_tag_university-of-notre-dame.html,0710_news.fnal.gov_tag_university-of-notre-dame.txt,70203,323,2026-06-10 13:49:56,SUCCESS
711,https://news.fnal.gov/2016/04/south-bend-school-gets-chance-physics-research-quarknet/,200,"South Bend, Indiana, school gets a chance at physics research with QuarkNet",0711_news.fnal.gov_2016_04_south-bend-school-gets-chance-phy.html,0711_news.fnal.gov_2016_04_south-bend-school-gets-chance-phy.txt,86061,1134,2026-06-10 13:49:58,SUCCESS
712,https://news.fnal.gov/tag/saturday-morning-quantum/search,200,Search for hidden chambers using cosmic-ray muons – Public lecture by Mark Adams,0712_news.fnal.gov_tag_saturday-morning-quantum_search.html,0712_news.fnal.gov_tag_saturday-morning-quantum_search.txt,69441,324,2026-06-10 13:50:00,SUCCESS
713,https://news.fnal.gov/tag/rutgers-university/,200,Rutgers University Archives - News,0713_news.fnal.gov_tag_rutgers-university.html,0713_news.fnal.gov_tag_rutgers-university.txt,69536,324,2026-06-10 13:50:02,SUCCESS
714,https://news.fnal.gov/2021/08/sqms-center-announces-the-addition-of-rutgers-university-new-brunswick-to-its-growing-collaboration/,200,SQMS Center announces the addition of Rutgers University-New Brunswick to its growing collaboration,0714_news.fnal.gov_2021_08_sqms-center-announces-the-additio.html,0714_news.fnal.gov_2021_08_sqms-center-announces-the-additio.txt,86951,1082,2026-06-10 13:50:04,SUCCESS
715,https://news.fnal.gov/tag/quantum-technology/,200,quantum technology Archives - News,0715_news.fnal.gov_tag_quantum-technology.html,0715_news.fnal.gov_tag_quantum-technology.txt,73360,559,2026-06-10 13:50:07,SUCCESS
716,https://news.fnal.gov/tag/matter/,200,matter Archives - News,0716_news.fnal.gov_tag_matter.html,0716_news.fnal.gov_tag_matter.txt,85674,1025,2026-06-10 13:50:09,SUCCESS
717,https://news.fnal.gov/tag/quantum-information-science/page/2/,200,quantum information science Archives - Page 2 of 11 - News,0717_news.fnal.gov_tag_quantum-information-science_page_2.html,0717_news.fnal.gov_tag_quantum-information-science_page_2.txt,94259,1156,2026-06-10 13:50:11,SUCCESS
718,https://news.fnal.gov/tag/superconducting-technology/,200,superconducting technology Archives - News,0718_news.fnal.gov_tag_superconducting-technology.html,0718_news.fnal.gov_tag_superconducting-technology.txt,96941,1014,2026-06-10 13:50:13,SUCCESS
719,https://news.fnal.gov/tag/quantum-information-science/page/11/,200,quantum information science Archives - Page 11 of 11 - News,0719_news.fnal.gov_tag_quantum-information-science_page_11.html,0719_news.fnal.gov_tag_quantum-information-science_page_11.txt,84072,597,2026-06-10 13:50:15,SUCCESS
720,https://news.fnal.gov/tag/quantum-field-theory/,200,quantum field theory Archives - News,0720_news.fnal.gov_tag_quantum-field-theory.html,0720_news.fnal.gov_tag_quantum-field-theory.txt,67784,356,2026-06-10 13:50:17,SUCCESS
721,https://news.fnal.gov/tag/photons/,200,photons Archives - News,0721_news.fnal.gov_tag_photons.html,0721_news.fnal.gov_tag_photons.txt,88647,862,2026-06-10 13:50:19,SUCCESS
722,https://news.fnal.gov/tag/quantum-information-science/page/3/,200,quantum information science Archives - Page 3 of 11 - News,0722_news.fnal.gov_tag_quantum-information-science_page_3.html,0722_news.fnal.gov_tag_quantum-information-science_page_3.txt,91860,1018,2026-06-10 13:50:21,SUCCESS
723,https://news.fnal.gov/tag/dark-matter-technology/,200,dark matter technology Archives - News,0723_news.fnal.gov_tag_dark-matter-technology.html,0723_news.fnal.gov_tag_dark-matter-technology.txt,70097,423,2026-06-10 13:50:23,SUCCESS
724,https://news.fnal.gov/tag/quantum-information-science/search,200,Search for hidden chambers using cosmic-ray muons – Public lecture by Mark Adams,0724_news.fnal.gov_tag_quantum-information-science_search.html,0724_news.fnal.gov_tag_quantum-information-science_search.txt,69441,324,2026-06-10 13:50:25,SUCCESS
725,https://news.fnal.gov/2024/06/fermilab-opens-new-quiet-underground-quantum-information-science-laboratory/,200,Fermilab opens new QUIET underground quantum information science laboratory,0725_news.fnal.gov_2024_06_fermilab-opens-new-quiet-undergro.html,0725_news.fnal.gov_2024_06_fermilab-opens-new-quiet-undergro.txt,90858,1244,2026-06-10 13:50:27,SUCCESS
726,https://news.fnal.gov/tag/quantum-sensing/,200,quantum sensing Archives - News,0726_news.fnal.gov_tag_quantum-sensing.html,0726_news.fnal.gov_tag_quantum-sensing.txt,74586,511,2026-06-10 13:50:29,SUCCESS
727,https://news.fnal.gov/tag/oak-ridge-national-laboratory/,200,Oak Ridge National Laboratory Archives - News,0727_news.fnal.gov_tag_oak-ridge-national-laboratory.html,0727_news.fnal.gov_tag_oak-ridge-national-laboratory.txt,91128,874,2026-06-10 13:50:31,SUCCESS
728,https://news.fnal.gov/tag/superconducting-quantum-materials-and-systems-center/,200,Superconducting Quantum Materials and Systems Center Archives - News,0728_news.fnal.gov_tag_superconducting-quantum-materials-and.html,0728_news.fnal.gov_tag_superconducting-quantum-materials-and.txt,89863,1010,2026-06-10 13:50:34,SUCCESS
729,https://news.fnal.gov/tag/quantum-science/page/3/,200,quantum science Archives - Page 3 of 11 - News,0729_news.fnal.gov_tag_quantum-science_page_3.html,0729_news.fnal.gov_tag_quantum-science_page_3.txt,94588,1224,2026-06-10 13:50:36,SUCCESS
730,https://news.fnal.gov/tag/quantum-science/page/2/,200,quantum science Archives - Page 2 of 11 - News,0730_news.fnal.gov_tag_quantum-science_page_2.html,0730_news.fnal.gov_tag_quantum-science_page_2.txt,91296,1018,2026-06-10 13:50:38,SUCCESS
731,https://news.fnal.gov/2020/11/fermilab-is-partner-in-quantum-science-center-based-at-oak-ridge-national-laboratory/,200,Fermilab is partner in Quantum Science Center based at Oak Ridge National Laboratory,0731_news.fnal.gov_2020_11_fermilab-is-partner-in-quantum-sc.html,0731_news.fnal.gov_2020_11_fermilab-is-partner-in-quantum-sc.txt,97713,2043,2026-06-10 13:50:40,SUCCESS
732,https://news.fnal.gov/tag/quantum-science/page/11/,200,quantum science Archives - Page 11 of 11 - News,0732_news.fnal.gov_tag_quantum-science_page_11.html,0732_news.fnal.gov_tag_quantum-science_page_11.txt,85719,687,2026-06-10 13:50:42,SUCCESS
733,https://news.fnal.gov/tag/quantum-science/search,200,Search for hidden chambers using cosmic-ray muons – Public lecture by Mark Adams,0733_news.fnal.gov_tag_quantum-science_search.html,0733_news.fnal.gov_tag_quantum-science_search.txt,69441,324,2026-06-10 13:50:44,SUCCESS
734,https://news.fnal.gov/tag/quantum-science-center/,200,Quantum Science Center Archives - News,0734_news.fnal.gov_tag_quantum-science-center.html,0734_news.fnal.gov_tag_quantum-science-center.txt,73015,499,2026-06-10 13:50:47,SUCCESS
735,https://news.fnal.gov/wp-content/uploads/2020/12/inqnet-quantum-teleportation.jpg,200,(no title),0735_news.fnal.gov_wp-content_uploads_2020_12_inqnet-quantum.html,0735_news.fnal.gov_wp-content_uploads_2020_12_inqnet-quantum.txt,1042613,21939,2026-06-10 13:50:49,SUCCESS
736,https://news.fnal.gov/2020/07/u-s-department-of-energy-unveils-blueprint-for-the-quantum-internet-at-launch-to-the-future-quantum-internet-event/,200,U.S. Department of Energy unveils blueprint for the quantum internet at ‘Launch to the Future: Quantum Internet’ event,0736_news.fnal.gov_2020_07_u-s-department-of-energy-unveils-.html,0736_news.fnal.gov_2020_07_u-s-department-of-energy-unveils-.txt,99625,2069,2026-06-10 13:50:50,SUCCESS
737,https://news.fnal.gov/2020/12/fermilab-and-partners-achieve-sustained-high-fidelity-quantum-teleportation/search,200,Search for hidden chambers using cosmic-ray muons – Public lecture by Mark Adams,0737_news.fnal.gov_2020_12_fermilab-and-partners-achieve-sus.html,0737_news.fnal.gov_2020_12_fermilab-and-partners-achieve-sus.txt,69441,324,2026-06-10 13:50:52,SUCCESS
738,https://news.fnal.gov/tag/lawrence-livermore-national-laboratory/,200,Lawrence Livermore National Laboratory Archives - News,0738_news.fnal.gov_tag_lawrence-livermore-national-laborator.html,0738_news.fnal.gov_tag_lawrence-livermore-national-laborator.txt,73368,411,2026-06-10 13:50:55,SUCCESS
739,https://news.fnal.gov/tag/software/,200,software Archives - News,0739_news.fnal.gov_tag_software.html,0739_news.fnal.gov_tag_software.txt,69078,346,2026-06-10 13:50:57,SUCCESS
740,https://news.fnal.gov/tag/lz/,200,LZ Archives - News,0740_news.fnal.gov_tag_lz.html,0740_news.fnal.gov_tag_lz.txt,97571,923,2026-06-10 13:50:59,SUCCESS
741,https://news.fnal.gov/tag/supercdms/,200,SuperCDMS Archives - News,0741_news.fnal.gov_tag_supercdms.html,0741_news.fnal.gov_tag_supercdms.txt,93016,805,2026-06-10 13:51:01,SUCCESS
742,https://news.fnal.gov/tag/virginia/,200,Virginia Archives - News,0742_news.fnal.gov_tag_virginia.html,0742_news.fnal.gov_tag_virginia.txt,83072,696,2026-06-10 13:51:03,SUCCESS
743,https://news.fnal.gov/tag/lsst/,200,LSST Archives - News,0743_news.fnal.gov_tag_lsst.html,0743_news.fnal.gov_tag_lsst.txt,94116,933,2026-06-10 13:51:05,SUCCESS
744,https://news.fnal.gov/tag/lux-zeplin/,200,LUX-ZEPLIN Archives - News,0744_news.fnal.gov_tag_lux-zeplin.html,0744_news.fnal.gov_tag_lux-zeplin.txt,93592,891,2026-06-10 13:51:07,SUCCESS
745,https://news.fnal.gov/tag/california/page/3/,200,California Archives - Page 3 of 4 - News,0745_news.fnal.gov_tag_california_page_3.html,0745_news.fnal.gov_tag_california_page_3.txt,98059,838,2026-06-10 13:51:09,SUCCESS
746,https://news.fnal.gov/tag/snolab/,200,SNOLAB Archives - News,0746_news.fnal.gov_tag_snolab.html,0746_news.fnal.gov_tag_snolab.txt,97147,847,2026-06-10 13:51:11,SUCCESS
747,https://news.fnal.gov/2019/08/powered-by-pixels/,200,Powered by pixels,0747_news.fnal.gov_2019_08_powered-by-pixels.html,0747_news.fnal.gov_2019_08_powered-by-pixels.txt,103140,2119,2026-06-10 13:51:13,SUCCESS
748,https://news.fnal.gov/tag/dune-international/,200,dune-international Archives - News,0748_news.fnal.gov_tag_dune-international.html,0748_news.fnal.gov_tag_dune-international.txt,100414,947,2026-06-10 13:51:15,SUCCESS
749,https://news.fnal.gov/tag/riverside/,200,Riverside Archives - News,0749_news.fnal.gov_tag_riverside.html,0749_news.fnal.gov_tag_riverside.txt,68077,339,2026-06-10 13:51:17,SUCCESS
750,https://news.fnal.gov/tag/slac/,200,SLAC Archives - News,0750_news.fnal.gov_tag_slac.html,0750_news.fnal.gov_tag_slac.txt,95150,1106,2026-06-10 13:51:19,SUCCESS
751,https://news.fnal.gov/2020/08/dark-energy-survey-census-of-the-smallest-galaxies-hones-the-search-for-dark-matter/,200,Dark Energy Survey census of the smallest galaxies hones the search for dark matter,0751_news.fnal.gov_2020_08_dark-energy-survey-census-of-the-.html,0751_news.fnal.gov_2020_08_dark-energy-survey-census-of-the-.txt,92260,1548,2026-06-10 13:51:21,SUCCESS
752,https://news.fnal.gov/tag/admx/,200,ADMX Archives - News,0752_news.fnal.gov_tag_admx.html,0752_news.fnal.gov_tag_admx.txt,90264,904,2026-06-10 13:51:23,SUCCESS
753,https://news.fnal.gov/2019/07/three-sky-surveys-completed-in-preparation-for-dark-energy-spectroscopic-instrument/,200,Three sky surveys completed in preparation for Dark Energy Spectroscopic Instrument,0753_news.fnal.gov_2019_07_three-sky-surveys-completed-in-pr.html,0753_news.fnal.gov_2019_07_three-sky-surveys-completed-in-pr.txt,107488,2592,2026-06-10 13:51:25,SUCCESS
754,https://news.fnal.gov/tag/university-of-washington/,200,University of Washington Archives - News,0754_news.fnal.gov_tag_university-of-washington.html,0754_news.fnal.gov_tag_university-of-washington.txt,93526,935,2026-06-10 13:51:27,SUCCESS
755,https://news.fnal.gov/tag/university-of-bern/,200,University of Bern Archives - News,0755_news.fnal.gov_tag_university-of-bern.html,0755_news.fnal.gov_tag_university-of-bern.txt,86386,674,2026-06-10 13:51:29,SUCCESS
756,https://news.fnal.gov/tag/washington/,200,Washington Archives - News,0756_news.fnal.gov_tag_washington.html,0756_news.fnal.gov_tag_washington.txt,93202,931,2026-06-10 13:51:31,SUCCESS
757,https://news.fnal.gov/tag/california/page/4/,200,California Archives - Page 4 of 4 - News,0757_news.fnal.gov_tag_california_page_4.html,0757_news.fnal.gov_tag_california_page_4.txt,91424,626,2026-06-10 13:51:33,SUCCESS
758,https://news.fnal.gov/2019/12/fermilab-contributes-to-award-winning-spack-software-tool/,200,Fermilab contributes to award-winning Spack software tool,0758_news.fnal.gov_2019_12_fermilab-contributes-to-award-win.html,0758_news.fnal.gov_2019_12_fermilab-contributes-to-award-win.txt,85626,939,2026-06-10 13:51:35,SUCCESS
759,https://news.fnal.gov/tag/california/search,200,Search for hidden chambers using cosmic-ray muons – Public lecture by Mark Adams,0759_news.fnal.gov_tag_california_search.html,0759_news.fnal.gov_tag_california_search.txt,69441,324,2026-06-10 13:51:37,SUCCESS
760,https://news.fnal.gov/tag/argoncube/,200,ArgonCube Archives - News,0760_news.fnal.gov_tag_argoncube.html,0760_news.fnal.gov_tag_argoncube.txt,82823,582,2026-06-10 13:51:40,SUCCESS
761,https://news.fnal.gov/tag/internationality/,200,internationality Archives - News,0761_news.fnal.gov_tag_internationality.html,0761_news.fnal.gov_tag_internationality.txt,96633,1076,2026-06-10 13:51:42,SUCCESS
762,https://news.fnal.gov/2019/08/a-million-pulses-per-second-how-particle-accelerators-are-powering-x-ray-lasers/,200,A million pulses per second: How particle accelerators are powering X-ray lasers,0762_news.fnal.gov_2019_08_a-million-pulses-per-second-how-p.html,0762_news.fnal.gov_2019_08_a-million-pulses-per-second-how-p.txt,102565,2044,2026-06-10 13:51:44,SUCCESS
763,https://news.fnal.gov/tag/university-of-california/,200,University of California Archives - News,0763_news.fnal.gov_tag_university-of-california.html,0763_news.fnal.gov_tag_university-of-california.txt,74958,429,2026-06-10 13:51:46,SUCCESS
764,https://news.fnal.gov/tag/california/page/2/,200,California Archives - Page 2 of 4 - News,0764_news.fnal.gov_tag_california_page_2.html,0764_news.fnal.gov_tag_california_page_2.txt,97548,795,2026-06-10 13:51:48,SUCCESS
765,https://news.fnal.gov/tag/switzerland/,200,Switzerland Archives - News,0765_news.fnal.gov_tag_switzerland.html,0765_news.fnal.gov_tag_switzerland.txt,104054,928,2026-06-10 13:51:50,SUCCESS
766,https://news.fnal.gov/tag/canada/,200,Canada Archives - News,0766_news.fnal.gov_tag_canada.html,0766_news.fnal.gov_tag_canada.txt,112531,1003,2026-06-10 13:51:52,SUCCESS
767,https://news.fnal.gov/tag/in-q-net/search,200,Search for hidden chambers using cosmic-ray muons – Public lecture by Mark Adams,0767_news.fnal.gov_tag_in-q-net_search.html,0767_news.fnal.gov_tag_in-q-net_search.txt,69441,324,2026-06-10 13:51:54,SUCCESS
768,https://news.fnal.gov/authors/emily-stevens/,200,Emily Stevens Archives - News,0768_news.fnal.gov_authors_emily-stevens.html,0768_news.fnal.gov_authors_emily-stevens.txt,68995,324,2026-06-10 13:51:56,SUCCESS
769,https://news.fnal.gov/wp-content/uploads/2023/09/2023-Gold-Medalists.jpg,200,(no title),0769_news.fnal.gov_wp-content_uploads_2023_09_2023-Gold-Meda.html,0769_news.fnal.gov_wp-content_uploads_2023_09_2023-Gold-Meda.txt,592103,10138,2026-06-10 13:51:58,SUCCESS
770,https://news.fnal.gov/2023/09/high-school-students-working-with-argonne-and-fermilab-compete-in-the-naacps-academic-olympics/search,200,Search for hidden chambers using cosmic-ray muons – Public lecture by Mark Adams,0770_news.fnal.gov_2023_09_high-school-students-working-with.html,0770_news.fnal.gov_2023_09_high-school-students-working-with.txt,69441,324,2026-06-10 13:52:00,SUCCESS
771,https://news.fnal.gov/tag/quantum-information-and-science/search,200,Search for hidden chambers using cosmic-ray muons – Public lecture by Mark Adams,0771_news.fnal.gov_tag_quantum-information-and-science_searc.html,0771_news.fnal.gov_tag_quantum-information-and-science_searc.txt,69441,324,2026-06-10 13:52:02,SUCCESS
772,https://news.fnal.gov/tag/quantum-teleportation/search,200,Search for hidden chambers using cosmic-ray muons – Public lecture by Mark Adams,0772_news.fnal.gov_tag_quantum-teleportation_search.html,0772_news.fnal.gov_tag_quantum-teleportation_search.txt,69441,324,2026-06-10 13:52:05,SUCCESS
773,https://education.fnal.gov/engage/lederman-science-center/leon-lederman/search,404,,,,0,0,2026-06-10 13:52:07,FAILED
774,https://education.fnal.gov/engage/lederman-science-center/exhibits/accelerators-room/,200,Accelerators room – Fermilab Education and Public Engagement,0774_education.fnal.gov_engage_lederman-science-center_exhib.html,0774_education.fnal.gov_engage_lederman-science-center_exhib.txt,83068,624,2026-06-10 13:52:09,SUCCESS
775,https://education.fnal.gov/engage/lederman-science-center/exhibits/search,404,,,,0,0,2026-06-10 13:52:12,FAILED
776,https://education.fnal.gov/engage/lederman-science-center/exhibits/methods-room/,200,Methods room – Fermilab Education and Public Engagement,0776_education.fnal.gov_engage_lederman-science-center_exhib.html,0776_education.fnal.gov_engage_lederman-science-center_exhib.txt,81900,636,2026-06-10 13:52:14,SUCCESS
777,https://education.fnal.gov/engage/lederman-science-center/exhibits/ideas-room/,200,Ideas room – Fermilab Education and Public Engagement,0777_education.fnal.gov_engage_lederman-science-center_exhib.html,0777_education.fnal.gov_engage_lederman-science-center_exhib.txt,86221,810,2026-06-10 13:52:17,SUCCESS
778,https://education.fnal.gov/engage/lederman-science-center/exhibits/detectors-room/,200,Detectors room – Fermilab Education and Public Engagement,0778_education.fnal.gov_engage_lederman-science-center_exhib.html,0778_education.fnal.gov_engage_lederman-science-center_exhib.txt,85085,755,2026-06-10 13:52:20,SUCCESS
779,https://education.fnal.gov/engage/lederman-science-center/exhibits/outdoor-activities-and-prairie-exhibits/,200,Outdoor exhibits – Fermilab Education and Public Engagement,0779_education.fnal.gov_engage_lederman-science-center_exhib.html,0779_education.fnal.gov_engage_lederman-science-center_exhib.txt,83314,706,2026-06-10 13:52:23,SUCCESS
780,https://news.fnal.gov/2024/04/new-collaboration-sheds-bright-light-on-advancing-semiconductor-production-in-the-u-s/search,200,Search for hidden chambers using cosmic-ray muons – Public lecture by Mark Adams,0780_news.fnal.gov_2024_04_new-collaboration-sheds-bright-li.html,0780_news.fnal.gov_2024_04_new-collaboration-sheds-bright-li.txt,69441,324,2026-06-10 13:52:25,SUCCESS
781,https://news.fnal.gov/2026/01/fermilab-completes-laser-lab-construction-for-worlds-largest-vertical-atom-interferometer/search,200,Search for hidden chambers using cosmic-ray muons – Public lecture by Mark Adams,0781_news.fnal.gov_2026_01_fermilab-completes-laser-lab-cons.html,0781_news.fnal.gov_2026_01_fermilab-completes-laser-lab-cons.txt,69441,324,2026-06-10 13:52:28,SUCCESS
782,https://news.fnal.gov/2020/02/particle-accelerator-technology-could-solve-one-of-the-most-vexing-problems-in-building-quantum-computers/,200,Particle accelerator technology could solve one of the most vexing problems in building quantum computers,0782_news.fnal.gov_2020_02_particle-accelerator-technology-c.html,0782_news.fnal.gov_2020_02_particle-accelerator-technology-c.txt,104528,2229,2026-06-10 13:52:30,SUCCESS
783,https://news.fnal.gov/tag/srf/,200,SRF Archives - News,0783_news.fnal.gov_tag_srf.html,0783_news.fnal.gov_tag_srf.txt,97187,806,2026-06-10 13:52:32,SUCCESS
784,https://news.fnal.gov/tag/superconducting-radio-frequency-technology/page/2/,200,superconducting radio-frequency technology Archives - Page 2 of 2 - News,0784_news.fnal.gov_tag_superconducting-radio-frequency-techn.html,0784_news.fnal.gov_tag_superconducting-radio-frequency-techn.txt,96729,815,2026-06-10 13:52:34,SUCCESS
785,https://news.fnal.gov/2021/07/successful-tests-pave-the-way-for-fermilabs-next-generation-particle-accelerator/,200,Successful tests pave the way for Fermilab’s next-generation particle accelerator,0785_news.fnal.gov_2021_07_successful-tests-pave-the-way-for.html,0785_news.fnal.gov_2021_07_successful-tests-pave-the-way-for.txt,100981,2266,2026-06-10 13:52:36,SUCCESS
786,https://news.fnal.gov/tag/superconducting-radio-frequency-technology/search,200,Search for hidden chambers using cosmic-ray muons – Public lecture by Mark Adams,0786_news.fnal.gov_tag_superconducting-radio-frequency-techn.html,0786_news.fnal.gov_tag_superconducting-radio-frequency-techn.txt,69441,324,2026-06-10 13:52:38,SUCCESS
787,https://news.fnal.gov/tag/srf-technology/,200,SRF technology Archives - News,0787_news.fnal.gov_tag_srf-technology.html,0787_news.fnal.gov_tag_srf-technology.txt,94249,1024,2026-06-10 13:52:40,SUCCESS
788,https://news.fnal.gov/tag/quantum-information/,200,quantum information Archives - News,0788_news.fnal.gov_tag_quantum-information.html,0788_news.fnal.gov_tag_quantum-information.txt,72716,466,2026-06-10 13:52:43,SUCCESS
789,https://news.fnal.gov/2021/12/sqms-researchers-discover-performance-limiting-nanohydrides-in-superconducting-qubits/,200,SQMS researchers discover performance-limiting nanohydrides in superconducting qubits,0789_news.fnal.gov_2021_12_sqms-researchers-discover-perform.html,0789_news.fnal.gov_2021_12_sqms-researchers-discover-perform.txt,119540,2070,2026-06-10 13:52:44,SUCCESS
790,https://news.fnal.gov/tag/lcls/,200,LCLS Archives - News,0790_news.fnal.gov_tag_lcls.html,0790_news.fnal.gov_tag_lcls.txt,71877,355,2026-06-10 13:52:47,SUCCESS
791,https://news.fnal.gov/2022/05/slacs-superconducting-x-ray-laser-reaches-operating-temperature-colder-than-outer-space/,200,SLAC’s superconducting X-ray laser reaches operating temperature colder than outer space,0791_news.fnal.gov_2022_05_slacs-superconducting-x-ray-laser.html,0791_news.fnal.gov_2022_05_slacs-superconducting-x-ray-laser.txt,94425,1928,2026-06-10 13:52:49,SUCCESS
792,https://news.fnal.gov/tag/cosmic-ray/,200,cosmic ray Archives - News,0792_news.fnal.gov_tag_cosmic-ray.html,0792_news.fnal.gov_tag_cosmic-ray.txt,86586,750,2026-06-10 13:52:51,SUCCESS
793,https://news.fnal.gov/tag/x-ray/search,200,Search for hidden chambers using cosmic-ray muons – Public lecture by Mark Adams,0793_news.fnal.gov_tag_x-ray_search.html,0793_news.fnal.gov_tag_x-ray_search.txt,69441,324,2026-06-10 13:52:53,SUCCESS
794,https://news.fnal.gov/tag/muography/,200,muography Archives - News,0794_news.fnal.gov_tag_muography.html,0794_news.fnal.gov_tag_muography.txt,67697,373,2026-06-10 13:52:55,SUCCESS
795,https://news.fnal.gov/authors/madeleine-okeefe/page/5/,200,Madeleine O’Keefe Archives - Page 5 of 5 - News,0795_news.fnal.gov_authors_madeleine-okeefe_page_5.html,0795_news.fnal.gov_authors_madeleine-okeefe_page_5.txt,85719,702,2026-06-10 13:52:57,SUCCESS
796,https://news.fnal.gov/tag/superconductors/,200,superconductors Archives - News,0796_news.fnal.gov_tag_superconductors.html,0796_news.fnal.gov_tag_superconductors.txt,70361,375,2026-06-10 13:53:00,SUCCESS
797,https://news.fnal.gov/authors/madeleine-okeefe/page/3/,200,Madeleine O’Keefe Archives - Page 3 of 5 - News,0797_news.fnal.gov_authors_madeleine-okeefe_page_3.html,0797_news.fnal.gov_authors_madeleine-okeefe_page_3.txt,94551,778,2026-06-10 13:53:02,SUCCESS
798,https://news.fnal.gov/2025/04/fermilab-funded-research-demonstrates-new-method-for-3d-printing-high-temperature-superconductors/,200,Fermilab-funded research demonstrates new method for 3D printing high-temperature superconductors,0798_news.fnal.gov_2025_04_fermilab-funded-research-demonstr.html,0798_news.fnal.gov_2025_04_fermilab-funded-research-demonstr.txt,105315,1653,2026-06-10 13:53:04,SUCCESS
799,https://news.fnal.gov/authors/madeleine-okeefe/page/2/,200,Madeleine O’Keefe Archives - Page 2 of 5 - News,0799_news.fnal.gov_authors_madeleine-okeefe_page_2.html,0799_news.fnal.gov_authors_madeleine-okeefe_page_2.txt,93148,775,2026-06-10 13:53:07,SUCCESS
800,https://news.fnal.gov/tag/material-science/,200,material science Archives - News,0800_news.fnal.gov_tag_material-science.html,0800_news.fnal.gov_tag_material-science.txt,69487,324,2026-06-10 13:53:09,SUCCESS
801,https://news.fnal.gov/authors/madeleine-okeefe/search,200,Search for hidden chambers using cosmic-ray muons – Public lecture by Mark Adams,0801_news.fnal.gov_authors_madeleine-okeefe_search.html,0801_news.fnal.gov_authors_madeleine-okeefe_search.txt,69441,324,2026-06-10 13:53:11,SUCCESS
802,https://news.fnal.gov/2025/07/how-an-experiment-at-fermilab-fixed-a-hole-in-the-standard-model/,200,How an experiment at Fermilab fixed a hole in the Standard Model,0802_news.fnal.gov_2025_07_how-an-experiment-at-fermilab-fix.html,0802_news.fnal.gov_2025_07_how-an-experiment-at-fermilab-fix.txt,100090,2171,2026-06-10 13:53:13,SUCCESS
803,https://news.fnal.gov/wp-content/uploads/2021/10/vCM-in-the-cleanroom-at-work-station-1-e1635435110300.jpg,200,(no title),0803_news.fnal.gov_wp-content_uploads_2021_10_vCM-in-the-cle.html,0803_news.fnal.gov_wp-content_uploads_2021_10_vCM-in-the-cle.txt,801448,15902,2026-06-10 13:53:15,SUCCESS
804,https://news.fnal.gov/wp-content/uploads/2021/10/vCM-at-the-test-stand.jpg,200,(no title),0804_news.fnal.gov_wp-content_uploads_2021_10_vCM-at-the-tes.html,0804_news.fnal.gov_wp-content_uploads_2021_10_vCM-at-the-tes.txt,671112,12972,2026-06-10 13:53:17,SUCCESS
805,https://news.fnal.gov/authors/mary-magnuson/,200,Mary Magnuson Archives - News,0805_news.fnal.gov_authors_mary-magnuson.html,0805_news.fnal.gov_authors_mary-magnuson.txt,85641,676,2026-06-10 13:53:19,SUCCESS
806,https://news.fnal.gov/2021/11/fermilab-sees-record-performance-from-next-generation-accelerator-component/search,200,Search for hidden chambers using cosmic-ray muons – Public lecture by Mark Adams,0806_news.fnal.gov_2021_11_fermilab-sees-record-performance-.html,0806_news.fnal.gov_2021_11_fermilab-sees-record-performance-.txt,69441,324,2026-06-10 13:53:21,SUCCESS
807,https://news.fnal.gov/wp-content/uploads/2021/10/vCM-assembly-at-workstation-3.jpeg,200,(no title),0807_news.fnal.gov_wp-content_uploads_2021_10_vCM-assembly-a.html,0807_news.fnal.gov_wp-content_uploads_2021_10_vCM-assembly-a.txt,1035463,20135,2026-06-10 13:53:23,SUCCESS
808,https://news.fnal.gov/wp-content/uploads/2021/10/vCM-assembly-at-workstation-4.jpeg,200,(no title),0808_news.fnal.gov_wp-content_uploads_2021_10_vCM-assembly-a.html,0808_news.fnal.gov_wp-content_uploads_2021_10_vCM-assembly-a.txt,1172744,22944,2026-06-10 13:53:25,SUCCESS
809,https://news.fnal.gov/authors/lauren-biron/,200,Lauren Biron Archives - News,0809_news.fnal.gov_authors_lauren-biron.html,0809_news.fnal.gov_authors_lauren-biron.txt,92991,855,2026-06-10 13:53:27,SUCCESS
810,https://news.fnal.gov/2021/03/fermilab-delivers-final-superconducting-particle-accelerator-component-for-worlds-most-powerful-laser/,200,Fermilab delivers final superconducting particle accelerator component for world’s most powerful X-ray laser,0810_news.fnal.gov_2021_03_fermilab-delivers-final-supercond.html,0810_news.fnal.gov_2021_03_fermilab-delivers-final-supercond.txt,95392,1609,2026-06-10 13:53:29,SUCCESS
811,https://news.fnal.gov/tag/cornell-university/,200,Cornell University Archives - News,0811_news.fnal.gov_tag_cornell-university.html,0811_news.fnal.gov_tag_cornell-university.txt,70767,370,2026-06-10 13:53:31,SUCCESS
812,https://news.fnal.gov/tag/lcls-ii/page/2/,200,LCLS-II Archives - Page 2 of 2 - News,0812_news.fnal.gov_tag_lcls-ii_page_2.html,0812_news.fnal.gov_tag_lcls-ii_page_2.txt,80483,523,2026-06-10 13:53:33,SUCCESS
813,https://news.fnal.gov/2018/01/fermilab-delivers-first-cryomodule-for-ultrapowerful-x-ray-laser-at-slac/,200,Fermilab delivers first cryomodule for ultrapowerful X-ray laser at SLAC,0813_news.fnal.gov_2018_01_fermilab-delivers-first-cryomodul.html,0813_news.fnal.gov_2018_01_fermilab-delivers-first-cryomodul.txt,91900,1471,2026-06-10 13:53:35,SUCCESS
814,https://news.fnal.gov/tag/lcls-ii/search,200,Search for hidden chambers using cosmic-ray muons – Public lecture by Mark Adams,0814_news.fnal.gov_tag_lcls-ii_search.html,0814_news.fnal.gov_tag_lcls-ii_search.txt,69441,324,2026-06-10 13:53:37,SUCCESS
815,https://news.fnal.gov/tag/desy/,200,DESY Archives - News,0815_news.fnal.gov_tag_desy.html,0815_news.fnal.gov_tag_desy.txt,74266,473,2026-06-10 13:53:39,SUCCESS
816,https://news.fnal.gov/tag/cryomodule/page/2/,200,cryomodule Archives - Page 2 of 3 - News,0816_news.fnal.gov_tag_cryomodule_page_2.html,0816_news.fnal.gov_tag_cryomodule_page_2.txt,96119,893,2026-06-10 13:53:41,SUCCESS
817,https://news.fnal.gov/tag/cryomodule/page/3/,200,cryomodule Archives - Page 3 of 3 - News,0817_news.fnal.gov_tag_cryomodule_page_3.html,0817_news.fnal.gov_tag_cryomodule_page_3.txt,74919,453,2026-06-10 13:53:43,SUCCESS
818,https://news.fnal.gov/tag/niobium/,200,niobium Archives - News,0818_news.fnal.gov_tag_niobium.html,0818_news.fnal.gov_tag_niobium.txt,70299,412,2026-06-10 13:53:45,SUCCESS
819,https://news.fnal.gov/tag/prototype/,200,prototype Archives - News,0819_news.fnal.gov_tag_prototype.html,0819_news.fnal.gov_tag_prototype.txt,74810,413,2026-06-10 13:53:47,SUCCESS
820,https://news.fnal.gov/tag/cleanroom/,200,cleanroom Archives - News,0820_news.fnal.gov_tag_cleanroom.html,0820_news.fnal.gov_tag_cleanroom.txt,70047,360,2026-06-10 13:53:49,SUCCESS
821,https://news.fnal.gov/2023/08/indian-scientists-come-to-fermilab-to-assist-with-pip-ii-particle-accelerator-technology/,200,Indian scientists come to Fermilab to assist with PIP-II particle accelerator technology,0821_news.fnal.gov_2023_08_indian-scientists-come-to-fermila.html,0821_news.fnal.gov_2023_08_indian-scientists-come-to-fermila.txt,95051,1981,2026-06-10 13:53:51,SUCCESS
822,https://news.fnal.gov/tag/cryomodule/search,200,Search for hidden chambers using cosmic-ray muons – Public lecture by Mark Adams,0822_news.fnal.gov_tag_cryomodule_search.html,0822_news.fnal.gov_tag_cryomodule_search.txt,69441,324,2026-06-10 13:53:53,SUCCESS
823,https://news.fnal.gov/tag/india/,200,India Archives - News,0823_news.fnal.gov_tag_india.html,0823_news.fnal.gov_tag_india.txt,104480,991,2026-06-10 13:53:55,SUCCESS
824,https://news.fnal.gov/2023/09/slac-fires-up-the-worlds-most-powerful-x-ray-laser-lcls-ii-ushers-in-a-new-era-of-science/search,200,Search for hidden chambers using cosmic-ray muons – Public lecture by Mark Adams,0824_news.fnal.gov_2023_09_slac-fires-up-the-worlds-most-pow.html,0824_news.fnal.gov_2023_09_slac-fires-up-the-worlds-most-pow.txt,69441,324,2026-06-10 13:53:57,SUCCESS
825,https://news.fnal.gov/tag/heavy-neutrino/,200,heavy neutrino Archives - News,0825_news.fnal.gov_tag_heavy-neutrino.html,0825_news.fnal.gov_tag_heavy-neutrino.txt,75735,480,2026-06-10 13:53:59,SUCCESS
826,https://news.fnal.gov/tag/slac-national-accelerator-laboratory/search,200,Search for hidden chambers using cosmic-ray muons – Public lecture by Mark Adams,0826_news.fnal.gov_tag_slac-national-accelerator-laboratory_.html,0826_news.fnal.gov_tag_slac-national-accelerator-laboratory_.txt,69441,324,2026-06-10 13:54:02,SUCCESS
827,https://news.fnal.gov/tag/stanford-university/,200,Stanford University Archives - News,0827_news.fnal.gov_tag_stanford-university.html,0827_news.fnal.gov_tag_stanford-university.txt,75762,434,2026-06-10 13:54:04,SUCCESS
828,https://news.fnal.gov/tag/dark-photon/,200,dark photon Archives - News,0828_news.fnal.gov_tag_dark-photon.html,0828_news.fnal.gov_tag_dark-photon.txt,81666,521,2026-06-10 13:54:06,SUCCESS
829,https://news.fnal.gov/tag/theoretical-particle-physics/,200,theoretical particle physics Archives - News,0829_news.fnal.gov_tag_theoretical-particle-physics.html,0829_news.fnal.gov_tag_theoretical-particle-physics.txt,75395,612,2026-06-10 13:54:08,SUCCESS
830,https://news.fnal.gov/2021/03/particle-detector-at-fermilab-plays-crucial-role-in-deep-underground-neutrino-experiment/,200,Particle detector at Fermilab plays crucial role in Deep Underground Neutrino Experiment,0830_news.fnal.gov_2021_03_particle-detector-at-fermilab-pla.html,0830_news.fnal.gov_2021_03_particle-detector-at-fermilab-pla.txt,96718,1872,2026-06-10 13:54:10,SUCCESS
831,https://news.fnal.gov/tag/university-of-oxford/,200,University of Oxford Archives - News,0831_news.fnal.gov_tag_university-of-oxford.html,0831_news.fnal.gov_tag_university-of-oxford.txt,72602,379,2026-06-10 13:54:12,SUCCESS
832,https://news.fnal.gov/tag/oscillation/,200,oscillation Archives - News,0832_news.fnal.gov_tag_oscillation.html,0832_news.fnal.gov_tag_oscillation.txt,80796,641,2026-06-10 13:54:14,SUCCESS
833,https://news.fnal.gov/tag/italy/,200,Italy Archives - News,0833_news.fnal.gov_tag_italy.html,0833_news.fnal.gov_tag_italy.txt,99859,1022,2026-06-10 13:54:16,SUCCESS
834,https://news.fnal.gov/tag/quarks/,200,quarks Archives - News,0834_news.fnal.gov_tag_quarks.html,0834_news.fnal.gov_tag_quarks.txt,84848,835,2026-06-10 13:54:18,SUCCESS
835,https://news.fnal.gov/tag/tau/,200,tau Archives - News,0835_news.fnal.gov_tag_tau.html,0835_news.fnal.gov_tag_tau.txt,74655,506,2026-06-10 13:54:20,SUCCESS
836,https://news.fnal.gov/tag/fusion/,200,fusion Archives - News,0836_news.fnal.gov_tag_fusion.html,0836_news.fnal.gov_tag_fusion.txt,69478,427,2026-06-10 13:54:22,SUCCESS
837,https://news.fnal.gov/tag/laser/search,200,Search for hidden chambers using cosmic-ray muons – Public lecture by Mark Adams,0837_news.fnal.gov_tag_laser_search.html,0837_news.fnal.gov_tag_laser_search.txt,69441,324,2026-06-10 13:54:24,SUCCESS
838,https://news.fnal.gov/tag/don-lincoln/,200,Don Lincoln Archives - News,0838_news.fnal.gov_tag_don-lincoln.html,0838_news.fnal.gov_tag_don-lincoln.txt,82250,785,2026-06-10 13:54:26,SUCCESS
839,https://news.fnal.gov/tag/lux/,200,LUX Archives - News,0839_news.fnal.gov_tag_lux.html,0839_news.fnal.gov_tag_lux.txt,81897,564,2026-06-10 13:54:29,SUCCESS
840,https://news.fnal.gov/tag/minos/,200,MINOS Archives - News,0840_news.fnal.gov_tag_minos.html,0840_news.fnal.gov_tag_minos.txt,93771,997,2026-06-10 13:54:31,SUCCESS
841,https://news.fnal.gov/tag/j-parc/,200,J-PARC Archives - News,0841_news.fnal.gov_tag_j-parc.html,0841_news.fnal.gov_tag_j-parc.txt,77966,616,2026-06-10 13:54:33,SUCCESS
842,https://news.fnal.gov/tag/jefferson-lab/search,200,Search for hidden chambers using cosmic-ray muons – Public lecture by Mark Adams,0842_news.fnal.gov_tag_jefferson-lab_search.html,0842_news.fnal.gov_tag_jefferson-lab_search.txt,69441,324,2026-06-10 13:54:35,SUCCESS
843,https://news.fnal.gov/tag/ua1/,200,UA1 Archives - News,0843_news.fnal.gov_tag_ua1.html,0843_news.fnal.gov_tag_ua1.txt,71841,392,2026-06-10 13:54:37,SUCCESS
844,https://news.fnal.gov/tag/south-dakota/,200,South Dakota Archives - News,0844_news.fnal.gov_tag_south-dakota.html,0844_news.fnal.gov_tag_south-dakota.txt,94726,1368,2026-06-10 13:54:39,SUCCESS
845,https://news.fnal.gov/tag/south-korea/,200,South Korea Archives - News,0845_news.fnal.gov_tag_south-korea.html,0845_news.fnal.gov_tag_south-korea.txt,99945,769,2026-06-10 13:54:41,SUCCESS
846,https://news.fnal.gov/tag/t2k/,200,T2K Archives - News,0846_news.fnal.gov_tag_t2k.html,0846_news.fnal.gov_tag_t2k.txt,94835,1173,2026-06-10 13:54:43,SUCCESS
847,https://news.fnal.gov/tag/nomad/,200,NOMAD Archives - News,0847_news.fnal.gov_tag_nomad.html,0847_news.fnal.gov_tag_nomad.txt,71879,392,2026-06-10 13:54:45,SUCCESS
848,https://news.fnal.gov/tag/japan/,200,Japan Archives - News,0848_news.fnal.gov_tag_japan.html,0848_news.fnal.gov_tag_japan.txt,106296,1008,2026-06-10 13:54:47,SUCCESS
849,https://news.fnal.gov/tag/jefferson-lab/page/2/,200,Jefferson Lab Archives - Page 2 of 2 - News,0849_news.fnal.gov_tag_jefferson-lab_page_2.html,0849_news.fnal.gov_tag_jefferson-lab_page_2.txt,73377,373,2026-06-10 13:54:49,SUCCESS
850,https://news.fnal.gov/tag/gran-sasso/,200,Gran Sasso Archives - News,0850_news.fnal.gov_tag_gran-sasso.html,0850_news.fnal.gov_tag_gran-sasso.txt,85873,620,2026-06-10 13:54:51,SUCCESS
851,https://news.fnal.gov/tag/lattice-qcd/,200,lattice QCD Archives - News,0851_news.fnal.gov_tag_lattice-qcd.html,0851_news.fnal.gov_tag_lattice-qcd.txt,73093,541,2026-06-10 13:54:53,SUCCESS
852,https://news.fnal.gov/tag/dzero/,200,DZero Archives - News,0852_news.fnal.gov_tag_dzero.html,0852_news.fnal.gov_tag_dzero.txt,95529,904,2026-06-10 13:54:55,SUCCESS
853,https://news.fnal.gov/tag/super-kamiokande/,200,Super-Kamiokande Archives - News,0853_news.fnal.gov_tag_super-kamiokande.html,0853_news.fnal.gov_tag_super-kamiokande.txt,83025,577,2026-06-10 13:54:57,SUCCESS
854,https://news.fnal.gov/tag/cdf/,200,CDF Archives - News,0854_news.fnal.gov_tag_cdf.html,0854_news.fnal.gov_tag_cdf.txt,85115,876,2026-06-10 13:54:59,SUCCESS
855,https://news.fnal.gov/tag/engineering/search,200,Search for hidden chambers using cosmic-ray muons – Public lecture by Mark Adams,0855_news.fnal.gov_tag_engineering_search.html,0855_news.fnal.gov_tag_engineering_search.txt,69441,324,2026-06-10 13:55:01,SUCCESS
856,https://news.fnal.gov/tag/engineering/page/4/,200,engineering Archives - Page 4 of 4 - News,0856_news.fnal.gov_tag_engineering_page_4.html,0856_news.fnal.gov_tag_engineering_page_4.txt,73201,386,2026-06-10 13:55:04,SUCCESS
857,https://news.fnal.gov/tag/helen-edwards/,200,Helen Edwards Archives - News,0857_news.fnal.gov_tag_helen-edwards.html,0857_news.fnal.gov_tag_helen-edwards.txt,80303,677,2026-06-10 13:55:06,SUCCESS
858,https://news.fnal.gov/tag/engineering/page/2/,200,engineering Archives - Page 2 of 4 - News,0858_news.fnal.gov_tag_engineering_page_2.html,0858_news.fnal.gov_tag_engineering_page_2.txt,90714,826,2026-06-10 13:55:08,SUCCESS
859,https://news.fnal.gov/tag/innovation/,200,innovation Archives - News,0859_news.fnal.gov_tag_innovation.html,0859_news.fnal.gov_tag_innovation.txt,86860,937,2026-06-10 13:55:10,SUCCESS
860,https://news.fnal.gov/2024/09/william-pellico-of-fermilab-receives-2024-ura-honorary-engineering-award/,200,William Pellico receives 2024 URA Honorary Engineering Award,0860_news.fnal.gov_2024_09_william-pellico-of-fermilab-recei.html,0860_news.fnal.gov_2024_09_william-pellico-of-fermilab-recei.txt,90366,1789,2026-06-10 13:55:12,SUCCESS
861,https://news.fnal.gov/tag/engineering/page/3/,200,engineering Archives - Page 3 of 4 - News,0861_news.fnal.gov_tag_engineering_page_3.html,0861_news.fnal.gov_tag_engineering_page_3.txt,93574,972,2026-06-10 13:55:14,SUCCESS
862,https://news.fnal.gov/2025/12/fermilab-dedicates-new-state-of-the-art-building-honoring-scientist-helen-edwards/,200,Fermilab dedicates new state-of-the-art building honoring scientist Helen Edwards,0862_news.fnal.gov_2025_12_fermilab-dedicates-new-state-of-t.html,0862_news.fnal.gov_2025_12_fermilab-dedicates-new-state-of-t.txt,92586,1240,2026-06-10 13:55:16,SUCCESS
863,https://news.fnal.gov/2023/10/pantaleo-raimondi-to-be-new-leader-of-fermilabs-accelerator-project/,200,Pantaleo Raimondi to be new leader of Fermilab’s accelerator project,0863_news.fnal.gov_2023_10_pantaleo-raimondi-to-be-new-leade.html,0863_news.fnal.gov_2023_10_pantaleo-raimondi-to-be-new-leade.txt,86963,1220,2026-06-10 13:55:18,SUCCESS
864,https://news.fnal.gov/2024/06/fermilab-names-jim-kerby-as-lbnf-dune-u-s-project-director/,200,Fermilab names Jim Kerby as LBNF/DUNE-US project director,0864_news.fnal.gov_2024_06_fermilab-names-jim-kerby-as-lbnf-.html,0864_news.fnal.gov_2024_06_fermilab-names-jim-kerby-as-lbnf-.txt,85567,1028,2026-06-10 13:55:21,SUCCESS
865,https://news.fnal.gov/2024/05/fermilab-announces-new-chief-operating-officer/,200,Fermilab announces new chief operating officer,0865_news.fnal.gov_2024_05_fermilab-announces-new-chief-oper.html,0865_news.fnal.gov_2024_05_fermilab-announces-new-chief-oper.txt,83115,938,2026-06-10 13:55:23,SUCCESS
866,https://news.fnal.gov/tag/norbert-holtkamp/,200,Norbert Holtkamp Archives - News,0866_news.fnal.gov_tag_norbert-holtkamp.html,0866_news.fnal.gov_tag_norbert-holtkamp.txt,68564,361,2026-06-10 13:55:25,SUCCESS
867,https://news.fnal.gov/2025/01/fermilab-undergoes-leadership-change/,200,Fermilab undergoes leadership change,0867_news.fnal.gov_2025_01_fermilab-undergoes-leadership-cha.html,0867_news.fnal.gov_2025_01_fermilab-undergoes-leadership-cha.txt,85004,1052,2026-06-10 13:55:27,SUCCESS
868,https://news.fnal.gov/tag/leadership/search,200,Search for hidden chambers using cosmic-ray muons – Public lecture by Mark Adams,0868_news.fnal.gov_tag_leadership_search.html,0868_news.fnal.gov_tag_leadership_search.txt,69441,324,2026-06-10 13:55:29,SUCCESS
869,https://news.fnal.gov/tag/leadership/page/2/,200,leadership Archives - Page 2 of 2 - News,0869_news.fnal.gov_tag_leadership_page_2.html,0869_news.fnal.gov_tag_leadership_page_2.txt,74926,482,2026-06-10 13:55:31,SUCCESS
870,https://news.fnal.gov/2025/04/sowjanya-gollapinni-elected-co-spokesperson-for-dune-collaboration/,200,Sowjanya Gollapinni elected co-spokesperson for DUNE collaboration,0870_news.fnal.gov_2025_04_sowjanya-gollapinni-elected-co-sp.html,0870_news.fnal.gov_2025_04_sowjanya-gollapinni-elected-co-sp.txt,89095,1239,2026-06-10 13:55:33,SUCCESS
871,https://news.fnal.gov/2023/11/fermilab-welcomes-new-head-of-communication/,200,Fermilab welcomes new head of communication,0871_news.fnal.gov_2023_11_fermilab-welcomes-new-head-of-com.html,0871_news.fnal.gov_2023_11_fermilab-welcomes-new-head-of-com.txt,83356,876,2026-06-10 13:55:35,SUCCESS
872,https://news.fnal.gov/2023/10/doe-project-leadership-institute-award-returns-to-fermilab/,200,DOE Project Leadership Institute award returns to Fermilab,0872_news.fnal.gov_2023_10_doe-project-leadership-institute-.html,0872_news.fnal.gov_2023_10_doe-project-leadership-institute-.txt,88281,1304,2026-06-10 13:55:37,SUCCESS
873,https://news.fnal.gov/2026/03/dave-newbold-elected-co-spokesperson-of-dune-collaboration/search,200,Search for hidden chambers using cosmic-ray muons – Public lecture by Mark Adams,0873_news.fnal.gov_2026_03_dave-newbold-elected-co-spokesper.html,0873_news.fnal.gov_2026_03_dave-newbold-elected-co-spokesper.txt,69441,324,2026-06-10 13:55:39,SUCCESS
874,https://news.fnal.gov/2024/11/new-desi-results-weigh-in-on-gravity/,200,New DESI results weigh in on gravity,0874_news.fnal.gov_2024_11_new-desi-results-weigh-in-on-grav.html,0874_news.fnal.gov_2024_11_new-desi-results-weigh-in-on-grav.txt,93024,1905,2026-06-10 13:55:41,SUCCESS
875,https://news.fnal.gov/tag/big-bang/,200,Big Bang Archives - News,0875_news.fnal.gov_tag_big-bang.html,0875_news.fnal.gov_tag_big-bang.txt,87098,883,2026-06-10 13:55:43,SUCCESS
876,https://news.fnal.gov/tag/cosmic-inflation/,200,cosmic inflation Archives - News,0876_news.fnal.gov_tag_cosmic-inflation.html,0876_news.fnal.gov_tag_cosmic-inflation.txt,77412,472,2026-06-10 13:55:45,SUCCESS
877,https://news.fnal.gov/tag/desi/search,200,Search for hidden chambers using cosmic-ray muons – Public lecture by Mark Adams,0877_news.fnal.gov_tag_desi_search.html,0877_news.fnal.gov_tag_desi_search.txt,69441,324,2026-06-10 13:55:47,SUCCESS
878,https://news.fnal.gov/tag/gravity/,200,gravity Archives - News,0878_news.fnal.gov_tag_gravity.html,0878_news.fnal.gov_tag_gravity.txt,87683,851,2026-06-10 13:55:50,SUCCESS
879,https://news.fnal.gov/tag/milky-way/,200,Milky Way Archives - News,0879_news.fnal.gov_tag_milky-way.html,0879_news.fnal.gov_tag_milky-way.txt,75972,505,2026-06-10 13:55:52,SUCCESS
880,https://news.fnal.gov/tag/galaxy/,200,galaxy Archives - News,0880_news.fnal.gov_tag_galaxy.html,0880_news.fnal.gov_tag_galaxy.txt,87666,913,2026-06-10 13:55:54,SUCCESS
881,https://news.fnal.gov/tag/desi/page/2/,200,DESI Archives - Page 2 of 3 - News,0881_news.fnal.gov_tag_desi_page_2.html,0881_news.fnal.gov_tag_desi_page_2.txt,95380,1129,2026-06-10 13:55:56,SUCCESS
882,https://news.fnal.gov/tag/desi/page/3/,200,DESI Archives - Page 3 of 3 - News,0882_news.fnal.gov_tag_desi_page_3.html,0882_news.fnal.gov_tag_desi_page_3.txt,83404,568,2026-06-10 13:55:58,SUCCESS
883,https://news.fnal.gov/2024/04/first-results-from-desi-make-the-most-precise-measurement-of-our-expanding-universe/,200,First results from DESI make the most precise measurement of our expanding universe,0883_news.fnal.gov_2024_04_first-results-from-desi-make-the-.html,0883_news.fnal.gov_2024_04_first-results-from-desi-make-the-.txt,99828,2612,2026-06-10 13:56:00,SUCCESS
884,https://news.fnal.gov/tag/skipper-ccd/,200,Skipper CCD Archives - News,0884_news.fnal.gov_tag_skipper-ccd.html,0884_news.fnal.gov_tag_skipper-ccd.txt,74787,494,2026-06-10 13:56:02,SUCCESS
885,https://news.fnal.gov/2023/06/desi-early-data-release-holds-nearly-two-million-objects/,200,DESI early data release holds nearly two million objects,0885_news.fnal.gov_2023_06_desi-early-data-release-holds-nea.html,0885_news.fnal.gov_2023_06_desi-early-data-release-holds-nea.txt,97139,2279,2026-06-10 13:56:04,SUCCESS
886,https://news.fnal.gov/tag/sdss/,200,SDSS Archives - News,0886_news.fnal.gov_tag_sdss.html,0886_news.fnal.gov_tag_sdss.txt,71159,404,2026-06-10 13:56:06,SUCCESS
887,https://news.fnal.gov/tag/spectroscopy/,200,spectroscopy Archives - News,0887_news.fnal.gov_tag_spectroscopy.html,0887_news.fnal.gov_tag_spectroscopy.txt,70953,350,2026-06-10 13:56:08,SUCCESS
888,https://news.fnal.gov/tag/standard-model/page/3/,200,Standard Model Archives - Page 3 of 12 - News,0888_news.fnal.gov_tag_standard-model_page_3.html,0888_news.fnal.gov_tag_standard-model_page_3.txt,90039,897,2026-06-10 13:56:11,SUCCESS
889,https://news.fnal.gov/tag/standard-model/page/2/,200,Standard Model Archives - Page 2 of 12 - News,0889_news.fnal.gov_tag_standard-model_page_2.html,0889_news.fnal.gov_tag_standard-model_page_2.txt,84330,923,2026-06-10 13:56:14,SUCCESS
890,https://news.fnal.gov/tag/standard-model/search,200,Search for hidden chambers using cosmic-ray muons – Public lecture by Mark Adams,0890_news.fnal.gov_tag_standard-model_search.html,0890_news.fnal.gov_tag_standard-model_search.txt,69441,324,2026-06-10 13:56:16,SUCCESS
891,https://news.fnal.gov/tag/standard-model/page/12/,200,Standard Model Archives - Page 12 of 12 - News,0891_news.fnal.gov_tag_standard-model_page_12.html,0891_news.fnal.gov_tag_standard-model_page_12.txt,87390,777,2026-06-10 13:56:18,SUCCESS
892,https://news.fnal.gov/tag/muon/search,200,Search for hidden chambers using cosmic-ray muons – Public lecture by Mark Adams,0892_news.fnal.gov_tag_muon_search.html,0892_news.fnal.gov_tag_muon_search.txt,69441,324,2026-06-10 13:56:20,SUCCESS
893,https://news.fnal.gov/2024/10/a-minute-with-akshay-murthy/,200,A minute with: Akshay Murthy,0893_news.fnal.gov_2024_10_a-minute-with-akshay-murthy.html,0893_news.fnal.gov_2024_10_a-minute-with-akshay-murthy.txt,86147,1255,2026-06-10 13:56:22,SUCCESS
894,https://news.fnal.gov/tag/sqms-center/page/6/,200,SQMS Center Archives - Page 6 of 6 - News,0894_news.fnal.gov_tag_sqms-center_page_6.html,0894_news.fnal.gov_tag_sqms-center_page_6.txt,83943,897,2026-06-10 13:56:24,SUCCESS
895,https://news.fnal.gov/tag/sqms-center/search,200,Search for hidden chambers using cosmic-ray muons – Public lecture by Mark Adams,0895_news.fnal.gov_tag_sqms-center_search.html,0895_news.fnal.gov_tag_sqms-center_search.txt,69441,324,2026-06-10 13:56:26,SUCCESS
896,https://news.fnal.gov/2025/07/a-minute-with-mackenzie-ring/,200,A minute with Mackenzie Ring,0896_news.fnal.gov_2025_07_a-minute-with-mackenzie-ring.html,0896_news.fnal.gov_2025_07_a-minute-with-mackenzie-ring.txt,88136,1509,2026-06-10 13:56:29,SUCCESS
897,https://news.fnal.gov/2024/07/ibm-intends-to-partner-with-fermilabs-sqms-center-to-advance-critical-quantum-information-science-initiatives/,200,IBM intends to partner with Fermilab’s SQMS Center to advance critical quantum information science initiatives,0897_news.fnal.gov_2024_07_ibm-intends-to-partner-with-fermi.html,0897_news.fnal.gov_2024_07_ibm-intends-to-partner-with-fermi.txt,94842,1598,2026-06-10 13:56:31,SUCCESS
898,https://news.fnal.gov/2024/05/researchers-at-the-sqms-center-achieve-leading-performance-in-transmon-qubits/,200,Researchers at the SQMS Center achieve leading performance in transmon qubits,0898_news.fnal.gov_2024_05_researchers-at-the-sqms-center-ac.html,0898_news.fnal.gov_2024_05_researchers-at-the-sqms-center-ac.txt,110009,2451,2026-06-10 13:56:33,SUCCESS
899,https://news.fnal.gov/tag/quantum-computers/,200,quantum computers Archives - News,0899_news.fnal.gov_tag_quantum-computers.html,0899_news.fnal.gov_tag_quantum-computers.txt,87760,912,2026-06-10 13:56:35,SUCCESS
900,https://news.fnal.gov/tag/sqms-center/page/2/,200,SQMS Center Archives - Page 2 of 6 - News,0900_news.fnal.gov_tag_sqms-center_page_2.html,0900_news.fnal.gov_tag_sqms-center_page_2.txt,91083,836,2026-06-10 13:56:37,SUCCESS
901,https://news.fnal.gov/tag/sqms-center/page/3/,200,SQMS Center Archives - Page 3 of 6 - News,0901_news.fnal.gov_tag_sqms-center_page_3.html,0901_news.fnal.gov_tag_sqms-center_page_3.txt,91260,1010,2026-06-10 13:56:39,SUCCESS
902,https://news.fnal.gov/tag/quantum-electronics/search,200,Search for hidden chambers using cosmic-ray muons – Public lecture by Mark Adams,0902_news.fnal.gov_tag_quantum-electronics_search.html,0902_news.fnal.gov_tag_quantum-electronics_search.txt,69441,324,2026-06-10 13:56:41,SUCCESS
903,https://news.fnal.gov/tag/robotics/,200,robotics Archives - News,0903_news.fnal.gov_tag_robotics.html,0903_news.fnal.gov_tag_robotics.txt,75914,558,2026-06-10 13:56:44,SUCCESS
904,https://news.fnal.gov/tag/sensor/,200,sensor Archives - News,0904_news.fnal.gov_tag_sensor.html,0904_news.fnal.gov_tag_sensor.txt,69898,407,2026-06-10 13:56:46,SUCCESS
905,https://news.fnal.gov/2020/06/now-complete-telescope-instrument-is-poised-to-begin-its-search-for-answers-about-dark-energy/,200,"Now complete, telescope instrument is poised to begin its search for answers about dark energy",0905_news.fnal.gov_2020_06_now-complete-telescope-instrument.html,0905_news.fnal.gov_2020_06_now-complete-telescope-instrument.txt,96801,2000,2026-06-10 13:56:48,SUCCESS
906,https://news.fnal.gov/2019/10/desi-opens-its-5000-eyes-to-capture-the-colors-of-the-cosmos/,200,"DESI opens its 5,000 eyes to capture the colors of the cosmos",0906_news.fnal.gov_2019_10_desi-opens-its-5000-eyes-to-captu.html,0906_news.fnal.gov_2019_10_desi-opens-its-5000-eyes-to-captu.txt,105504,2712,2026-06-10 13:56:50,SUCCESS
907,https://news.fnal.gov/2018/08/mapping-the-universe-in-3-d-fermilab-contributes-to-the-dark-energy-spectroscopic-instrument/,200,Mapping the universe in 3-D: Fermilab contributes to the Dark Energy Spectroscopic Instrument,0907_news.fnal.gov_2018_08_mapping-the-universe-in-3-d-fermi.html,0907_news.fnal.gov_2018_08_mapping-the-universe-in-3-d-fermi.txt,96130,1586,2026-06-10 13:56:52,SUCCESS
908,https://news.fnal.gov/tag/dark-energy-spectroscopic-instrument/search,200,Search for hidden chambers using cosmic-ray muons – Public lecture by Mark Adams,0908_news.fnal.gov_tag_dark-energy-spectroscopic-instrument_.html,0908_news.fnal.gov_tag_dark-energy-spectroscopic-instrument_.txt,69441,324,2026-06-10 13:56:54,SUCCESS
909,https://news.fnal.gov/2020/07/five-thousand-eyes-on-the-skies-scientists-choreograph-robots-to-observe-distant-galaxies/,200,Five thousand eyes on the skies: Scientists choreograph robots to observe distant galaxies,0909_news.fnal.gov_2020_07_five-thousand-eyes-on-the-skies-s.html,0909_news.fnal.gov_2020_07_five-thousand-eyes-on-the-skies-s.txt,98489,1721,2026-06-10 13:56:56,SUCCESS
910,https://news.fnal.gov/2021/05/dark-energy-spectroscopic-instrument-starts-5-year-survey/,200,Dark Energy Spectroscopic Instrument starts 5-year survey,0910_news.fnal.gov_2021_05_dark-energy-spectroscopic-instrum.html,0910_news.fnal.gov_2021_05_dark-energy-spectroscopic-instrum.txt,99119,2168,2026-06-10 13:56:58,SUCCESS
911,https://news.fnal.gov/2022/01/dark-energy-spectroscopic-instrument-desi-creates-largest-3d-map-of-the-cosmos/,200,Dark Energy Spectroscopic Instrument (DESI) creates largest 3D map of the cosmos,0911_news.fnal.gov_2022_01_dark-energy-spectroscopic-instrum.html,0911_news.fnal.gov_2022_01_dark-energy-spectroscopic-instrum.txt,100847,2670,2026-06-10 13:57:00,SUCCESS
912,https://news.fnal.gov/tag/kitt-peak-national-observatory/,200,Kitt Peak National Observatory Archives - News,0912_news.fnal.gov_tag_kitt-peak-national-observatory.html,0912_news.fnal.gov_tag_kitt-peak-national-observatory.txt,76702,492,2026-06-10 13:57:02,SUCCESS
913,https://news.fnal.gov/2026/04/icarus-experiment-marks-major-milestone-in-first-neutrino-science-results/search,200,Search for hidden chambers using cosmic-ray muons – Public lecture by Mark Adams,0913_news.fnal.gov_2026_04_icarus-experiment-marks-major-mil.html,0913_news.fnal.gov_2026_04_icarus-experiment-marks-major-mil.txt,69441,324,2026-06-10 13:57:04,SUCCESS
914,https://news.fnal.gov/tag/ions/search,200,Search for hidden chambers using cosmic-ray muons – Public lecture by Mark Adams,0914_news.fnal.gov_tag_ions_search.html,0914_news.fnal.gov_tag_ions_search.txt,69441,324,2026-06-10 13:57:06,SUCCESS
915,https://news.fnal.gov/tag/short-baseline-neutrino-program/search,200,Search for hidden chambers using cosmic-ray muons – Public lecture by Mark Adams,0915_news.fnal.gov_tag_short-baseline-neutrino-program_searc.html,0915_news.fnal.gov_tag_short-baseline-neutrino-program_searc.txt,69441,324,2026-06-10 13:57:09,SUCCESS
916,https://news.fnal.gov/2022/11/sbnd-scientists-complete-assembly-of-large-neutrino-detection-system/,200,SBND scientists complete assembly of large neutrino detection system,0916_news.fnal.gov_2022_11_sbnd-scientists-complete-assembly.html,0916_news.fnal.gov_2022_11_sbnd-scientists-complete-assembly.txt,97968,1846,2026-06-10 13:57:11,SUCCESS
917,https://news.fnal.gov/tag/short-baseline-near-detector/,200,Short-Baseline Near Detector Archives - News,0917_news.fnal.gov_tag_short-baseline-near-detector.html,0917_news.fnal.gov_tag_short-baseline-near-detector.txt,98741,1066,2026-06-10 13:57:13,SUCCESS
918,https://news.fnal.gov/2021/09/scientists-assemble-final-detector-of-fermilabs-short-baseline-neutrino-program/,200,Scientists assemble final detector of Fermilab’s Short-Baseline Neutrino Program,0918_news.fnal.gov_2021_09_scientists-assemble-final-detecto.html,0918_news.fnal.gov_2021_09_scientists-assemble-final-detecto.txt,95284,1653,2026-06-10 13:57:15,SUCCESS
919,https://news.fnal.gov/tag/neutrino-interactions/,200,neutrino interactions Archives - News,0919_news.fnal.gov_tag_neutrino-interactions.html,0919_news.fnal.gov_tag_neutrino-interactions.txt,83730,813,2026-06-10 13:57:17,SUCCESS
920,https://news.fnal.gov/tag/short-baseline-neutrino-program/page/3/,200,Short-Baseline Neutrino program Archives - Page 3 of 4 - News,0920_news.fnal.gov_tag_short-baseline-neutrino-program_page_.html,0920_news.fnal.gov_tag_short-baseline-neutrino-program_page_.txt,94542,829,2026-06-10 13:57:19,SUCCESS
921,https://news.fnal.gov/tag/short-baseline-neutrino-program/page/4/,200,Short-Baseline Neutrino program Archives - Page 4 of 4 - News,0921_news.fnal.gov_tag_short-baseline-neutrino-program_page_.html,0921_news.fnal.gov_tag_short-baseline-neutrino-program_page_.txt,78739,487,2026-06-10 13:57:21,SUCCESS
922,https://news.fnal.gov/2020/03/they-are-there-and-they-are-gone-icarus-chases-a-fourth-neutrino/,200,They are there and they are gone: ICARUS chases a fourth neutrino,0922_news.fnal.gov_2020_03_they-are-there-and-they-are-gone-.html,0922_news.fnal.gov_2020_03_they-are-there-and-they-are-gone-.txt,88029,1247,2026-06-10 13:57:23,SUCCESS
923,https://news.fnal.gov/tag/miniboone/,200,MiniBooNE Archives - News,0923_news.fnal.gov_tag_miniboone.html,0923_news.fnal.gov_tag_miniboone.txt,90100,1026,2026-06-10 13:57:25,SUCCESS
924,https://news.fnal.gov/tag/short-baseline-neutrino-program/page/2/,200,Short-Baseline Neutrino program Archives - Page 2 of 4 - News,0924_news.fnal.gov_tag_short-baseline-neutrino-program_page_.html,0924_news.fnal.gov_tag_short-baseline-neutrino-program_page_.txt,101954,953,2026-06-10 13:57:27,SUCCESS
925,https://news.fnal.gov/2021/04/fermilab-welcomes-first-baby-bison-of-the-year-2021/,200,Fermilab welcomes first baby bison of the year,0925_news.fnal.gov_2021_04_fermilab-welcomes-first-baby-biso.html,0925_news.fnal.gov_2021_04_fermilab-welcomes-first-baby-biso.txt,84251,930,2026-06-10 13:57:29,SUCCESS
926,https://news.fnal.gov/tag/campus/,200,campus Archives - News,0926_news.fnal.gov_tag_campus.html,0926_news.fnal.gov_tag_campus.txt,68785,313,2026-06-10 13:57:31,SUCCESS
927,https://news.fnal.gov/tag/nature/,200,nature Archives - News,0927_news.fnal.gov_tag_nature.html,0927_news.fnal.gov_tag_nature.txt,87310,749,2026-06-10 13:57:33,SUCCESS
928,https://news.fnal.gov/tag/bison/,200,bison Archives - News,0928_news.fnal.gov_tag_bison.html,0928_news.fnal.gov_tag_bison.txt,85700,788,2026-06-10 13:57:35,SUCCESS
929,https://news.fnal.gov/tag/milestone/search,200,Search for hidden chambers using cosmic-ray muons – Public lecture by Mark Adams,0929_news.fnal.gov_tag_milestone_search.html,0929_news.fnal.gov_tag_milestone_search.txt,69441,324,2026-06-10 13:57:37,SUCCESS
930,https://news.fnal.gov/2026/02/doe-national-quantum-research-centers-reach-milestone-breakthrough-towards-building-scalable-quantum-computers/search,200,Search for hidden chambers using cosmic-ray muons – Public lecture by Mark Adams,0930_news.fnal.gov_2026_02_doe-national-quantum-research-cen.html,0930_news.fnal.gov_2026_02_doe-national-quantum-research-cen.txt,69441,324,2026-06-10 13:57:39,SUCCESS
931,https://news.fnal.gov/2026/04/fermilab-experiment-receives-prestigious-breakthrough-prize-in-fundamental-physics/search,200,Search for hidden chambers using cosmic-ray muons – Public lecture by Mark Adams,0931_news.fnal.gov_2026_04_fermilab-experiment-receives-pres.html,0931_news.fnal.gov_2026_04_fermilab-experiment-receives-pres.txt,69441,324,2026-06-10 13:57:42,SUCCESS
932,https://news.fnal.gov/2021/11/over-a-year-later-construction-continues-to-progress-on-pip-ii-cryoplant-building/,200,"Over a year later, construction continues to progress on PIP-II Cryoplant Building",0932_news.fnal.gov_2021_11_over-a-year-later-construction-co.html,0932_news.fnal.gov_2021_11_over-a-year-later-construction-co.txt,103159,1484,2026-06-10 13:57:44,SUCCESS
933,https://news.fnal.gov/tag/sanford-lab/,200,Sanford Lab Archives - News,0933_news.fnal.gov_tag_sanford-lab.html,0933_news.fnal.gov_tag_sanford-lab.txt,93167,1205,2026-06-10 13:57:47,SUCCESS
934,https://news.fnal.gov/tag/pip-ii-injector-test/,200,PIP-II Injector Test Archives - News,0934_news.fnal.gov_tag_pip-ii-injector-test.html,0934_news.fnal.gov_tag_pip-ii-injector-test.txt,75452,505,2026-06-10 13:57:49,SUCCESS
935,https://news.fnal.gov/tag/construction/page/2/,200,construction Archives - Page 2 of 3 - News,0935_news.fnal.gov_tag_construction_page_2.html,0935_news.fnal.gov_tag_construction_page_2.txt,95057,1074,2026-06-10 13:57:51,SUCCESS
936,https://news.fnal.gov/tag/facilities/,200,facilities Archives - News,0936_news.fnal.gov_tag_facilities.html,0936_news.fnal.gov_tag_facilities.txt,81501,604,2026-06-10 13:57:53,SUCCESS
937,https://news.fnal.gov/tag/industrial-center-building-addition/,200,Industrial Center Building Addition Archives - News,0937_news.fnal.gov_tag_industrial-center-building-addition.html,0937_news.fnal.gov_tag_industrial-center-building-addition.txt,68189,360,2026-06-10 13:57:55,SUCCESS
938,https://news.fnal.gov/tag/construction/search,200,Search for hidden chambers using cosmic-ray muons – Public lecture by Mark Adams,0938_news.fnal.gov_tag_construction_search.html,0938_news.fnal.gov_tag_construction_search.txt,69441,324,2026-06-10 13:57:57,SUCCESS
939,https://news.fnal.gov/tag/construction/page/3/,200,construction Archives - Page 3 of 3 - News,0939_news.fnal.gov_tag_construction_page_3.html,0939_news.fnal.gov_tag_construction_page_3.txt,76426,544,2026-06-10 13:57:59,SUCCESS
940,https://news.fnal.gov/tag/native-american/,200,Native American Archives - News,0940_news.fnal.gov_tag_native-american.html,0940_news.fnal.gov_tag_native-american.txt,72251,363,2026-06-10 13:58:01,SUCCESS
941,https://news.fnal.gov/2021/05/construction-crews-start-lowering-equipment-a-mile-underground-for-excavation-for-dune/,200,Construction crews start lowering equipment a mile underground for excavation for DUNE,0941_news.fnal.gov_2021_05_construction-crews-start-lowering.html,0941_news.fnal.gov_2021_05_construction-crews-start-lowering.txt,96955,1571,2026-06-10 13:58:04,SUCCESS
942,https://news.fnal.gov/2021/03/crews-complete-major-upgrade-to-ross-hoists/,200,Crews complete major upgrade to Ross Hoists,0942_news.fnal.gov_2021_03_crews-complete-major-upgrade-to-r.html,0942_news.fnal.gov_2021_03_crews-complete-major-upgrade-to-r.txt,95759,1436,2026-06-10 13:58:06,SUCCESS
943,https://news.fnal.gov/2022/04/new-accelerator-at-fermilab-approved-for-construction-start/,200,New accelerator at Fermilab approved for construction start,0943_news.fnal.gov_2022_04_new-accelerator-at-fermilab-appro.html,0943_news.fnal.gov_2022_04_new-accelerator-at-fermilab-appro.txt,91350,1322,2026-06-10 13:58:08,SUCCESS
944,https://news.fnal.gov/tag/john-peoples/,200,John Peoples Archives - News,0944_news.fnal.gov_tag_john-peoples.html,0944_news.fnal.gov_tag_john-peoples.txt,69695,390,2026-06-10 13:58:10,SUCCESS
945,https://news.fnal.gov/2025/06/fermilab-mourns-the-passing-of-john-peoples-third-director/,200,"Fermilab mourns the passing of John Peoples, third director",0945_news.fnal.gov_2025_06_fermilab-mourns-the-passing-of-jo.html,0945_news.fnal.gov_2025_06_fermilab-mourns-the-passing-of-jo.txt,88887,1241,2026-06-10 13:58:12,SUCCESS
946,https://news.fnal.gov/tag/interactions/,200,Interactions Archives - News,0946_news.fnal.gov_tag_interactions.html,0946_news.fnal.gov_tag_interactions.txt,80201,547,2026-06-10 13:58:14,SUCCESS
947,https://news.fnal.gov/2025/04/spring-at-fermilab-welcomes-the-arrival-of-two-baby-bison/,200,Spring at Fermilab welcomes the arrival of two baby bison,0947_news.fnal.gov_2025_04_spring-at-fermilab-welcomes-the-a.html,0947_news.fnal.gov_2025_04_spring-at-fermilab-welcomes-the-a.txt,88213,1041,2026-06-10 13:58:16,SUCCESS
948,https://news.fnal.gov/2025/09/winners-of-the-2025-fermilab-photowalk-unveiled-and-submitted-to-global-competition/,200,Winners of the 2025 Fermilab Photowalk unveiled and submitted to global competition,0948_news.fnal.gov_2025_09_winners-of-the-2025-fermilab-phot.html,0948_news.fnal.gov_2025_09_winners-of-the-2025-fermilab-phot.txt,91976,1233,2026-06-10 13:58:18,SUCCESS
949,https://news.fnal.gov/2025/04/the-lhc-experiment-collaborations-at-cern-receive-breakthrough-prize/,200,The LHC experiment collaborations at CERN receive Breakthrough Prize,0949_news.fnal.gov_2025_04_the-lhc-experiment-collaborations.html,0949_news.fnal.gov_2025_04_the-lhc-experiment-collaborations.txt,90177,1461,2026-06-10 13:58:20,SUCCESS
950,https://news.fnal.gov/category/newsroom/press-release/page/5/,200,Press releases Archives - Page 5 of 38 - News,0950_news.fnal.gov_category_newsroom_press-release_page_5.html,0950_news.fnal.gov_category_newsroom_press-release_page_5.txt,96874,859,2026-06-10 13:58:22,SUCCESS
951,https://news.fnal.gov/2025/05/fermilab-opens-applications-for-2025-global-physics-photowalk-contest/,200,Fermilab opens applications for 2025 Global Physics Photowalk contest,0951_news.fnal.gov_2025_05_fermilab-opens-applications-for-2.html,0951_news.fnal.gov_2025_05_fermilab-opens-applications-for-2.txt,88496,940,2026-06-10 13:58:24,SUCCESS
952,https://news.fnal.gov/category/newsroom/press-release/page/1/,200,Press releases Archives - News,0952_news.fnal.gov_category_newsroom_press-release_page_1.html,0952_news.fnal.gov_category_newsroom_press-release_page_1.txt,96855,984,2026-06-10 13:58:26,SUCCESS
953,https://news.fnal.gov/category/newsroom/press-release/page/4/,200,Press releases Archives - Page 4 of 38 - News,0953_news.fnal.gov_category_newsroom_press-release_page_4.html,0953_news.fnal.gov_category_newsroom_press-release_page_4.txt,98140,930,2026-06-10 13:58:28,SUCCESS
954,https://news.fnal.gov/tag/lab-director/,200,lab director Archives - News,0954_news.fnal.gov_tag_lab-director.html,0954_news.fnal.gov_tag_lab-director.txt,71424,359,2026-06-10 13:58:30,SUCCESS
955,https://news.fnal.gov/tag/photography/,200,photography Archives - News,0955_news.fnal.gov_tag_photography.html,0955_news.fnal.gov_tag_photography.txt,88196,732,2026-06-10 13:58:32,SUCCESS
956,https://news.fnal.gov/tag/us-cms/,200,US CMS Archives - News,0956_news.fnal.gov_tag_us-cms.html,0956_news.fnal.gov_tag_us-cms.txt,74854,455,2026-06-10 13:58:35,SUCCESS
957,https://news.fnal.gov/category/newsroom/press-release/page/3/search,404,,,,0,0,2026-06-10 13:58:37,FAILED
958,https://news.fnal.gov/2026/04/desi-completes-planned-3d-map-of-the-universe-and-continues-exploring/search,200,Search for hidden chambers using cosmic-ray muons – Public lecture by Mark Adams,0958_news.fnal.gov_2026_04_desi-completes-planned-3d-map-of-.html,0958_news.fnal.gov_2026_04_desi-completes-planned-3d-map-of-.txt,69441,324,2026-06-10 13:58:39,SUCCESS
959,https://news.fnal.gov/2016/01/the-genetic-purity-and-diversity-of-the-fermilab-bison-herd/,200,The genetic purity and diversity of the Fermilab bison herd,0959_news.fnal.gov_2016_01_the-genetic-purity-and-diversity-.html,0959_news.fnal.gov_2016_01_the-genetic-purity-and-diversity-.txt,85487,1162,2026-06-10 13:58:41,SUCCESS
960,https://news.fnal.gov/2026/04/spring-arrives-at-fermilab-welcoming-this-years-first-bison-calf/search,200,Search for hidden chambers using cosmic-ray muons – Public lecture by Mark Adams,0960_news.fnal.gov_2026_04_spring-arrives-at-fermilab-welcom.html,0960_news.fnal.gov_2026_04_spring-arrives-at-fermilab-welcom.txt,69441,324,2026-06-10 13:58:43,SUCCESS
961,https://news.fnal.gov/wp-content/uploads/fermilab-and-environment.pdf,200,(no title),0961_news.fnal.gov_wp-content_uploads_fermilab-and-environme.html,0961_news.fnal.gov_wp-content_uploads_fermilab-and-environme.txt,26072175,517580,2026-06-10 13:58:45,SUCCESS
962,https://news.fnal.gov/2024/04/double-delivery-of-baby-bison-at-fermilab-today/,200,Double delivery of baby bison at Fermilab today,0962_news.fnal.gov_2024_04_double-delivery-of-baby-bison-at-.html,0962_news.fnal.gov_2024_04_double-delivery-of-baby-bison-at-.txt,89404,1313,2026-06-10 13:58:48,SUCCESS
963,https://news.fnal.gov/tag/prairie/,200,prairie Archives - News,0963_news.fnal.gov_tag_prairie.html,0963_news.fnal.gov_tag_prairie.txt,90341,776,2026-06-10 13:58:50,SUCCESS
964,https://news.fnal.gov/2025/05/science-meets-soil-in-fermilabs-prairie-land/,200,Science meets soil in Fermilab’s prairie land,0964_news.fnal.gov_2025_05_science-meets-soil-in-fermilabs-p.html,0964_news.fnal.gov_2025_05_science-meets-soil-in-fermilabs-p.txt,88773,1461,2026-06-10 13:58:52,SUCCESS
965,https://news.fnal.gov/tag/decam/,200,DECam Archives - News,0965_news.fnal.gov_tag_decam.html,0965_news.fnal.gov_tag_decam.txt,88129,952,2026-06-10 13:58:54,SUCCESS
966,https://news.fnal.gov/2026/01/dark-energy-survey-scientists-release-new-analysis-of-how-the-universe-expands/,200,Dark Energy Survey scientists release new analysis of how the universe expands,0966_news.fnal.gov_2026_01_dark-energy-survey-scientists-rel.html,0966_news.fnal.gov_2026_01_dark-energy-survey-scientists-rel.txt,94873,1713,2026-06-10 13:58:56,SUCCESS
967,https://news.fnal.gov/category/newsroom/press-release/page/2/search,404,,,,0,0,2026-06-10 13:58:58,FAILED
968,https://news.fnal.gov/2025/12/doe-recommits-8-million-to-fermilab-workforce-development-program-for-us-veterans/,200,DOE recommits $8 million to Fermilab workforce development program for US veterans,0968_news.fnal.gov_2025_12_doe-recommits-8-million-to-fermil.html,0968_news.fnal.gov_2025_12_doe-recommits-8-million-to-fermil.txt,90584,1171,2026-06-10 13:59:00,SUCCESS
969,https://news.fnal.gov/tag/veterans/,200,veterans Archives - News,0969_news.fnal.gov_tag_veterans.html,0969_news.fnal.gov_tag_veterans.txt,70237,410,2026-06-10 13:59:02,SUCCESS
970,https://news.fnal.gov/tag/fermiforward/,200,FermiForward Archives - News,0970_news.fnal.gov_tag_fermiforward.html,0970_news.fnal.gov_tag_fermiforward.txt,74790,450,2026-06-10 13:59:04,SUCCESS
971,https://news.fnal.gov/tag/training/,200,training Archives - News,0971_news.fnal.gov_tag_training.html,0971_news.fnal.gov_tag_training.txt,69414,341,2026-06-10 13:59:07,SUCCESS
972,https://news.fnal.gov/tag/valor/,200,VALOR Archives - News,0972_news.fnal.gov_tag_valor.html,0972_news.fnal.gov_tag_valor.txt,70189,410,2026-06-10 13:59:09,SUCCESS
973,https://news.fnal.gov/tag/lsnd/,200,LSND Archives - News,0973_news.fnal.gov_tag_lsnd.html,0973_news.fnal.gov_tag_lsnd.txt,90650,899,2026-06-10 13:59:11,SUCCESS
974,https://news.fnal.gov/tag/sbn/page/3/,200,SBN Archives - Page 3 of 3 - News,0974_news.fnal.gov_tag_sbn_page_3.html,0974_news.fnal.gov_tag_sbn_page_3.txt,76877,460,2026-06-10 13:59:13,SUCCESS
975,https://news.fnal.gov/tag/institute-for-high-energy-physics/,200,Institute for High Energy Physics Archives - News,0975_news.fnal.gov_tag_institute-for-high-energy-physics.html,0975_news.fnal.gov_tag_institute-for-high-energy-physics.txt,71754,367,2026-06-10 13:59:15,SUCCESS
976,https://news.fnal.gov/tag/university-of-barcelona/,200,University of Barcelona Archives - News,0976_news.fnal.gov_tag_university-of-barcelona.html,0976_news.fnal.gov_tag_university-of-barcelona.txt,71564,363,2026-06-10 13:59:17,SUCCESS
977,https://news.fnal.gov/tag/canfranc-underground-laboratory/,200,Canfranc Underground Laboratory Archives - News,0977_news.fnal.gov_tag_canfranc-underground-laboratory.html,0977_news.fnal.gov_tag_canfranc-underground-laboratory.txt,71716,363,2026-06-10 13:59:19,SUCCESS
978,https://news.fnal.gov/tag/syracuse-university/,200,Syracuse University Archives - News,0978_news.fnal.gov_tag_syracuse-university.html,0978_news.fnal.gov_tag_syracuse-university.txt,72854,431,2026-06-10 13:59:21,SUCCESS
979,https://news.fnal.gov/tag/international-relations/,200,international relations Archives - News,0979_news.fnal.gov_tag_international-relations.html,0979_news.fnal.gov_tag_international-relations.txt,95937,1032,2026-06-10 13:59:23,SUCCESS
980,https://news.fnal.gov/2019/10/fermilab-and-university-of-bern-join-forces-for-neutrino-physics/,200,Fermilab and University of Bern join forces for neutrino physics,0980_news.fnal.gov_2019_10_fermilab-and-university-of-bern-j.html,0980_news.fnal.gov_2019_10_fermilab-and-university-of-bern-j.txt,89895,1109,2026-06-10 13:59:25,SUCCESS
981,https://news.fnal.gov/tag/sbn/page/2/,200,SBN Archives - Page 2 of 3 - News,0981_news.fnal.gov_tag_sbn_page_2.html,0981_news.fnal.gov_tag_sbn_page_2.txt,96163,856,2026-06-10 13:59:27,SUCCESS
982,https://news.fnal.gov/tag/spain/,200,Spain Archives - News,0982_news.fnal.gov_tag_spain.html,0982_news.fnal.gov_tag_spain.txt,113240,966,2026-06-10 13:59:29,SUCCESS
983,https://news.fnal.gov/tag/next/,200,NEXT Archives - News,0983_news.fnal.gov_tag_next.html,0983_news.fnal.gov_tag_next.txt,77627,443,2026-06-10 13:59:31,SUCCESS
984,https://news.fnal.gov/tag/ciemat/,200,CIEMAT Archives - News,0984_news.fnal.gov_tag_ciemat.html,0984_news.fnal.gov_tag_ciemat.txt,78941,494,2026-06-10 13:59:33,SUCCESS
985,https://news.fnal.gov/tag/sbn/search,200,Search for hidden chambers using cosmic-ray muons – Public lecture by Mark Adams,0985_news.fnal.gov_tag_sbn_search.html,0985_news.fnal.gov_tag_sbn_search.txt,69441,324,2026-06-10 13:59:35,SUCCESS
986,https://news.fnal.gov/tag/autonomous-university-of-madrid/,200,Autonomous University of Madrid Archives - News,0986_news.fnal.gov_tag_autonomous-university-of-madrid.html,0986_news.fnal.gov_tag_autonomous-university-of-madrid.txt,71716,365,2026-06-10 13:59:38,SUCCESS
987,https://news.fnal.gov/2019/06/the-enduring-collaboration-between-spain-and-fermilab/,200,The enduring collaboration between Spain and Fermilab,0987_news.fnal.gov_2019_06_the-enduring-collaboration-betwee.html,0987_news.fnal.gov_2019_06_the-enduring-collaboration-betwee.txt,98637,1578,2026-06-10 13:59:40,SUCCESS
988,https://news.fnal.gov/tag/neutrino-physics/page/3/,200,neutrino physics Archives - Page 3 of 3 - News,0988_news.fnal.gov_tag_neutrino-physics_page_3.html,0988_news.fnal.gov_tag_neutrino-physics_page_3.txt,74933,580,2026-06-10 13:59:42,SUCCESS
989,https://news.fnal.gov/tag/neutrino-physics/search,200,Search for hidden chambers using cosmic-ray muons – Public lecture by Mark Adams,0989_news.fnal.gov_tag_neutrino-physics_search.html,0989_news.fnal.gov_tag_neutrino-physics_search.txt,69441,324,2026-06-10 13:59:44,SUCCESS
990,https://news.fnal.gov/tag/neutrino-physics/page/2/,200,neutrino physics Archives - Page 2 of 3 - News,0990_news.fnal.gov_tag_neutrino-physics_page_2.html,0990_news.fnal.gov_tag_neutrino-physics_page_2.txt,84443,866,2026-06-10 13:59:46,SUCCESS
991,https://news.fnal.gov/tag/fermilab-natural-areas/,200,Fermilab Natural Areas Archives - News,0991_news.fnal.gov_tag_fermilab-natural-areas.html,0991_news.fnal.gov_tag_fermilab-natural-areas.txt,78176,594,2026-06-10 13:59:48,SUCCESS
992,https://news.fnal.gov/tag/ecology/search,200,Search for hidden chambers using cosmic-ray muons – Public lecture by Mark Adams,0992_news.fnal.gov_tag_ecology_search.html,0992_news.fnal.gov_tag_ecology_search.txt,69441,324,2026-06-10 13:59:50,SUCCESS
993,https://news.fnal.gov/tag/ecology/page/3/,200,ecology Archives - Page 3 of 4 - News,0993_news.fnal.gov_tag_ecology_page_3.html,0993_news.fnal.gov_tag_ecology_page_3.txt,89854,780,2026-06-10 13:59:52,SUCCESS
994,https://news.fnal.gov/tag/ecology/page/2/,200,ecology Archives - Page 2 of 4 - News,0994_news.fnal.gov_tag_ecology_page_2.html,0994_news.fnal.gov_tag_ecology_page_2.txt,86342,827,2026-06-10 13:59:54,SUCCESS
995,https://news.fnal.gov/tag/ecology/page/4/,200,ecology Archives - Page 4 of 4 - News,0995_news.fnal.gov_tag_ecology_page_4.html,0995_news.fnal.gov_tag_ecology_page_4.txt,90835,858,2026-06-10 13:59:56,SUCCESS
996,https://news.fnal.gov/tag/qubits/search,200,Search for hidden chambers using cosmic-ray muons – Public lecture by Mark Adams,0996_news.fnal.gov_tag_qubits_search.html,0996_news.fnal.gov_tag_qubits_search.txt,69441,324,2026-06-10 13:59:58,SUCCESS
997,https://news.fnal.gov/tag/quiet/,200,QUIET Archives - News,0997_news.fnal.gov_tag_quiet.html,0997_news.fnal.gov_tag_quiet.txt,69893,416,2026-06-10 14:00:00,SUCCESS
998,https://news.fnal.gov/2025/03/fermilab-leads-project-to-develop-novel-quantum-sensor/,200,Fermilab leads project to develop novel quantum sensor,0998_news.fnal.gov_2025_03_fermilab-leads-project-to-develop.html,0998_news.fnal.gov_2025_03_fermilab-leads-project-to-develop.txt,91944,1610,2026-06-10 14:00:02,SUCCESS
999,https://news.fnal.gov/tag/qubits/page/2/,200,qubits Archives - Page 2 of 4 - News,0999_news.fnal.gov_tag_qubits_page_2.html,0999_news.fnal.gov_tag_qubits_page_2.txt,91607,902,2026-06-10 14:00:05,SUCCESS
1000,https://news.fnal.gov/tag/qubits/page/3/,200,qubits Archives - Page 3 of 4 - News,1000_news.fnal.gov_tag_qubits_page_3.html,1000_news.fnal.gov_tag_qubits_page_3.txt,92191,856,2026-06-10 14:00:07,SUCCESS
